ds11/0.png,103,179,169,250,0
ds11/1.png,104,179,172,244,0
ds11/2.png,104,182,170,243,0
ds11/3.png,114,174,180,245,0
ds11/4.png,103,177,172,246,0
ds11/5.png,109,170,176,247,0
ds11/6.png,110,171,174,247,0
ds11/7.png,109,178,173,249,0
ds11/8.png,107,186,174,246,0
ds11/9.png,88,182,175,247,0
ds11/10.png,87,184,174,247,0
ds11/11.png,109,170,175,247,0
ds11/12.png,103,182,173,245,0
ds11/13.png,107,179,173,245,0
ds11/13.png,112,120,170,167,0
ds11/14.png,103,182,174,247,0
ds11/15.png,111,167,176,246,0
ds11/16.png,110,175,174,248,0
ds11/17.png,121,195,174,248,0
ds11/18.png,102,179,173,246,0
ds11/19.png,99,180,172,250,0
ds11/20.png,99,184,173,248,0
ds11/21.png,95,165,167,245,0
ds11/22.png,99,183,172,243,0
ds11/23.png,104,176,176,250,0
ds11/24.png,107,173,173,244,0
ds11/25.png,96,180,172,246,0
ds11/26.png,105,178,172,245,0
ds11/27.png,105,177,173,246,0
ds11/28.png,91,27,164,97,0
ds11/28.png,105,178,172,247,0
ds11/29.png,105,184,174,246,0
ds11/30.png,4,49,78,115,0
ds11/30.png,110,174,174,246,0
ds11/31.png,105,182,175,247,0
ds11/32.png,99,179,173,246,0
ds11/33.png,112,179,173,244,0
ds11/33.png,155,96,188,152,0
ds11/33.png,8,99,65,159,0
ds11/33.png,2,159,52,217,0
ds11/34.png,108,179,172,245,0
ds11/35.png,107,181,170,245,0
ds11/36.png,99,180,175,250,0
ds11/37.png,108,179,172,250,0
ds11/38.png,101,177,172,248,0
ds11/39.png,108,174,179,248,0
ds11/40.png,96,177,175,248,0
ds11/41.png,109,177,175,248,0
ds11/42.png,105,173,172,247,0
ds11/43.png,113,174,180,245,0
ds11/44.png,110,178,175,246,0
ds11/45.png,110,180,174,247,0
ds11/46.png,108,180,172,244,0
ds11/47.png,110,181,174,247,0
ds11/48.png,91,173,169,247,0
ds11/49.png,100,177,166,245,0
ds11/50.png,12,50,77,114,0
ds11/50.png,113,177,172,243,0
ds11/51.png,103,173,172,244,0
ds11/51.png,154,28,188,96,0
ds11/52.png,105,169,173,247,0
ds11/53.png,102,172,173,245,0
ds11/53.png,154,27,188,97,0
ds11/54.png,109,175,172,242,0
ds11/55.png,107,178,173,246,0
ds11/56.png,102,181,174,246,0
ds11/57.png,98,181,174,247,0
ds11/58.png,100,182,176,247,0
ds11/59.png,108,187,173,246,0
ds11/60.png,98,183,173,246,0
ds11/61.png,103,176,175,248,0
ds11/62.png,109,173,178,248,0
ds11/63.png,107,175,168,245,0
ds11/64.png,106,179,174,245,0
ds11/64.png,113,120,169,166,0
ds11/65.png,109,177,168,243,0
ds11/66.png,92,175,168,245,0
ds11/67.png,84,185,173,247,0
ds11/68.png,105,183,175,248,0
ds11/69.png,102,188,169,246,0
ds11/70.png,123,177,175,240,0
ds11/70.png,153,95,188,153,0
ds11/70.png,5,93,66,162,0
ds11/70.png,3,158,54,222,0
ds11/71.png,90,182,171,242,0
ds11/72.png,89,29,162,97,0
ds11/72.png,105,178,170,247,0
ds11/73.png,95,181,173,250,0
ds11/74.png,86,171,167,243,0
ds11/75.png,99,182,174,246,0
ds11/76.png,103,176,172,246,0
ds11/77.png,113,169,174,245,0
ds11/78.png,101,181,176,249,0
ds11/79.png,106,181,168,248,0
ds11/80.png,88,172,167,241,0
ds11/81.png,97,177,175,247,0
ds11/82.png,105,184,174,246,0
ds11/83.png,105,174,172,247,0
ds11/84.png,110,181,173,248,0
ds11/85.png,119,182,172,248,0
ds11/86.png,111,163,175,246,0
ds11/87.png,102,181,175,247,0
ds11/88.png,102,182,171,243,0
ds11/89.png,111,162,175,246,0
ds11/90.png,91,182,169,242,0
ds11/91.png,85,183,174,248,0
ds11/92.png,110,166,176,246,0
ds11/93.png,105,181,171,240,0
ds11/94.png,104,182,173,245,0
ds11/95.png,99,183,173,247,0
ds11/96.png,103,176,173,247,0
ds11/97.png,104,181,164,240,0
ds11/98.png,106,172,173,247,0
ds11/99.png,123,195,174,247,0
ds11/100.png,144,214,177,247,1
ds11/101.png,139,213,173,248,1
ds11/102.png,136,209,172,246,1
ds11/103.png,141,209,174,245,1
ds11/104.png,85,215,111,240,1
ds11/104.png,139,213,172,245,1
ds11/105.png,141,213,174,247,1
ds11/106.png,141,207,176,247,1
ds11/107.png,139,209,172,243,1
ds11/108.png,135,203,173,246,1
ds11/109.png,50,185,89,224,1
ds11/109.png,88,185,129,221,1
ds11/109.png,137,209,174,244,1
ds11/110.png,137,213,174,247,1
ds11/111.png,140,212,175,247,1
ds11/112.png,141,207,176,246,1
ds11/113.png,136,208,178,249,1
ds11/114.png,142,216,180,250,1
ds11/115.png,0,185,31,221,1
ds11/115.png,58,44,85,73,1
ds11/115.png,142,214,173,244,1
ds11/116.png,141,210,176,248,1
ds11/117.png,140,213,173,245,1
ds11/118.png,137,210,173,250,1
ds11/119.png,140,205,174,242,1
ds11/120.png,139,206,173,245,1
ds11/121.png,137,210,172,247,1
ds11/121.png,143,104,181,146,1
ds11/122.png,139,210,173,244,1
ds11/123.png,135,207,177,248,1
ds11/124.png,137,201,175,244,1
ds11/125.png,134,207,178,246,1
ds11/126.png,139,212,176,246,1
ds11/127.png,140,206,177,246,1
ds11/128.png,139,207,176,243,1
ds11/129.png,138,207,178,248,1
ds11/130.png,141,210,175,246,1
ds11/131.png,141,216,174,247,1
ds11/132.png,134,209,174,245,1
ds11/133.png,142,210,177,247,1
ds11/134.png,140,211,176,247,1
ds11/135.png,8,192,36,216,1
ds11/135.png,9,81,37,107,1
ds11/135.png,141,211,175,245,1
ds11/136.png,141,211,175,246,1
ds11/137.png,139,209,176,245,1
ds11/138.png,137,206,175,246,1
ds11/139.png,119,112,153,148,1
ds11/139.png,140,211,174,243,1
ds11/140.png,138,212,171,245,1
ds11/141.png,138,209,174,245,1
ds11/141.png,166,81,188,119,1
ds11/142.png,138,210,175,242,1
ds11/143.png,138,211,176,247,1
ds11/144.png,136,209,176,248,1
ds11/145.png,138,212,174,248,1
ds11/146.png,141,207,174,245,1
ds11/147.png,136,209,172,246,1
ds11/148.png,142,210,175,242,1
ds11/149.png,137,210,176,250,1
ds11/150.png,142,212,176,245,1
ds11/151.png,140,212,176,248,1
ds11/152.png,133,208,176,248,1
ds11/153.png,139,212,174,245,1
ds11/154.png,116,112,153,151,1
ds11/154.png,139,211,174,246,1
ds11/155.png,141,209,175,245,1
ds11/156.png,140,210,176,245,1
ds11/157.png,141,211,175,245,1
ds11/158.png,76,235,110,250,1
ds11/158.png,135,212,176,246,1
ds11/159.png,138,211,174,244,1
ds11/160.png,139,211,175,247,1
ds11/161.png,132,207,175,250,1
ds11/161.png,142,106,179,147,1
ds11/162.png,65,0,110,27,1
ds11/162.png,140,207,180,247,1
ds11/163.png,141,210,175,244,1
ds11/164.png,138,208,177,249,1
ds11/165.png,7,191,39,219,1
ds11/165.png,10,83,35,108,1
ds11/165.png,139,207,178,250,1
ds11/166.png,137,207,173,247,1
ds11/167.png,138,207,178,246,1
ds11/168.png,138,206,177,249,1
ds11/169.png,135,211,176,246,1
ds11/170.png,69,0,105,25,1
ds11/170.png,143,210,175,244,1
ds11/171.png,42,184,78,219,1
ds11/171.png,142,211,174,244,1
ds11/172.png,140,206,178,246,1
ds11/173.png,137,210,173,246,1
ds11/174.png,137,207,172,239,1
ds11/175.png,135,210,173,245,1
ds11/175.png,158,0,188,12,1
ds11/176.png,141,209,175,246,1
ds11/177.png,138,209,176,243,1
ds11/178.png,142,206,177,246,1
ds11/179.png,135,206,175,247,1
ds11/180.png,0,137,27,169,1
ds11/180.png,80,103,106,132,1
ds11/180.png,143,217,174,247,1
ds11/181.png,139,211,176,245,1
ds11/181.png,150,128,175,155,1
ds11/182.png,0,182,36,224,1
ds11/182.png,54,41,88,78,1
ds11/182.png,140,211,174,248,1
ds11/183.png,53,185,88,224,1
ds11/183.png,88,186,128,221,1
ds11/183.png,135,206,177,248,1
ds11/184.png,138,209,175,246,1
ds11/185.png,138,209,172,246,1
ds11/186.png,68,110,95,133,1
ds11/186.png,132,208,177,247,1
ds11/187.png,34,98,73,134,1
ds11/187.png,59,197,92,229,1
ds11/187.png,140,205,173,242,1
ds11/188.png,136,210,174,247,1
ds11/189.png,142,209,176,244,1
ds11/190.png,135,207,179,249,1
ds11/190.png,148,127,176,156,1
ds11/191.png,137,210,176,250,1
ds11/192.png,135,212,174,247,1
ds11/193.png,136,207,173,247,1
ds11/194.png,144,217,176,248,1
ds11/195.png,0,0,14,26,1
ds11/195.png,141,212,176,248,1
ds11/196.png,137,204,178,246,1
ds11/197.png,38,182,81,223,1
ds11/197.png,138,207,174,246,1
ds11/198.png,147,216,174,243,1
ds11/199.png,35,97,72,137,1
ds11/199.png,57,197,95,233,1
ds11/199.png,138,205,176,244,1
ds11/200.png,131,219,172,244,3
ds11/201.png,54,135,97,165,3
ds11/201.png,62,69,97,104,3
ds11/201.png,129,219,175,247,3
ds11/202.png,145,203,173,245,3
ds11/203.png,132,217,174,245,3
ds11/204.png,150,206,174,247,3
ds11/205.png,136,222,173,243,3
ds11/206.png,96,75,135,116,3
ds11/206.png,133,219,175,246,3
ds11/207.png,149,204,174,242,3
ds11/208.png,133,219,176,244,3
ds11/209.png,136,223,172,242,3
ds11/210.png,147,209,178,247,3
ds11/211.png,123,222,166,245,3
ds11/211.png,150,110,188,136,3
ds11/212.png,63,91,95,130,3
ds11/212.png,136,218,174,247,3
ds11/212.png,147,36,186,59,3
ds11/213.png,139,211,175,248,3
ds11/214.png,149,209,171,246,3
ds11/215.png,134,221,174,242,3
ds11/216.png,155,207,176,247,3
ds11/217.png,149,203,175,242,3
ds11/218.png,66,92,95,130,3
ds11/218.png,137,221,174,246,3
ds11/218.png,147,37,184,60,3
ds11/219.png,53,138,93,167,3
ds11/219.png,64,71,96,104,3
ds11/219.png,132,222,171,245,3
ds11/220.png,134,222,175,246,3
ds11/221.png,146,207,176,245,3
ds11/222.png,73,0,117,20,3
ds11/222.png,152,210,173,250,3
ds11/223.png,134,216,173,245,3
ds11/224.png,146,206,171,245,3
ds11/225.png,151,208,178,248,3
ds11/226.png,132,218,173,244,3
ds11/227.png,140,211,176,241,3
ds11/228.png,149,206,174,247,3
ds11/229.png,57,0,100,18,3
ds11/229.png,88,157,123,195,3
ds11/229.png,138,215,174,247,3
ds11/230.png,141,223,177,245,3
ds11/231.png,141,213,174,244,3
ds11/232.png,130,209,174,245,3
ds11/233.png,139,214,176,243,3
ds11/234.png,2,38,57,65,3
ds11/234.png,130,221,174,248,3
ds11/235.png,4,37,54,70,3
ds11/235.png,131,222,175,246,3
ds11/236.png,153,204,175,245,3
ds11/237.png,152,207,173,245,3
ds11/238.png,64,0,95,17,3
ds11/238.png,89,161,122,191,3
ds11/238.png,136,213,172,245,3
ds11/239.png,134,224,173,244,3
ds11/240.png,145,206,173,245,3
ds11/241.png,138,208,178,248,3
ds11/242.png,137,213,178,246,3
ds11/243.png,137,212,172,242,3
ds11/244.png,139,207,173,245,3
ds11/245.png,136,216,174,246,3
ds11/246.png,150,205,173,246,3
ds11/247.png,150,198,178,248,3
ds11/248.png,149,201,176,246,3
ds11/249.png,147,205,175,248,3
ds11/250.png,138,204,176,246,3
ds11/251.png,147,204,173,247,3
ds11/252.png,140,210,176,241,3
ds11/253.png,138,216,175,246,3
ds11/254.png,135,215,173,244,3
ds11/255.png,58,119,103,143,3
ds11/255.png,142,213,176,246,3
ds11/256.png,129,217,171,245,3
ds11/257.png,135,216,174,244,3
ds11/258.png,152,205,175,245,3
ds11/259.png,134,213,171,244,3
ds11/260.png,152,201,177,242,3
ds11/261.png,129,214,175,245,3
ds11/262.png,129,214,174,245,3
ds11/263.png,126,224,164,244,3
ds11/263.png,150,111,188,134,3
ds11/264.png,140,211,176,245,3
ds11/265.png,154,209,176,247,3
ds11/266.png,34,230,74,250,3
ds11/266.png,138,212,170,245,3
ds11/267.png,50,116,104,143,3
ds11/267.png,143,214,176,246,3
ds11/268.png,149,207,173,247,3
ds11/269.png,133,217,173,244,3
ds11/270.png,34,230,75,250,3
ds11/270.png,138,211,173,245,3
ds11/271.png,130,218,172,246,3
ds11/272.png,145,208,177,247,3
ds11/273.png,133,224,174,247,3
ds11/274.png,138,213,173,248,3
ds11/275.png,76,127,110,151,3
ds11/275.png,150,204,175,246,3
ds11/276.png,146,206,174,243,3
ds11/277.png,139,212,175,244,3
ds11/278.png,151,205,172,245,3
ds11/279.png,134,222,174,243,3
ds11/280.png,134,224,174,247,3
ds11/281.png,150,207,179,245,3
ds11/282.png,145,209,172,245,3
ds11/283.png,144,203,174,243,3
ds11/284.png,70,0,125,22,3
ds11/284.png,150,206,176,250,3
ds11/285.png,138,218,174,246,3
ds11/286.png,134,220,176,246,3
ds11/287.png,154,201,175,244,3
ds11/288.png,141,216,176,248,3
ds11/289.png,146,203,173,244,3
ds11/290.png,151,207,172,247,3
ds11/291.png,138,216,176,246,3
ds11/292.png,131,213,173,248,3
ds11/293.png,134,220,175,247,3
ds11/294.png,148,212,175,247,3
ds11/295.png,135,221,174,243,3
ds11/296.png,147,208,176,244,3
ds11/297.png,125,214,173,246,3
ds11/298.png,133,218,176,246,3
ds11/299.png,133,221,171,244,3
ds11/300.png,0,208,24,234,4
ds11/300.png,149,216,177,245,4
ds11/300.png,123,14,154,45,4
ds11/300.png,84,138,117,171,4
ds11/300.png,45,38,76,67,4
ds11/300.png,29,174,60,204,4
ds11/301.png,0,0,20,26,4
ds11/301.png,13,223,42,250,4
ds11/301.png,66,192,95,219,4
ds11/301.png,138,96,169,127,4
ds11/301.png,150,221,175,247,4
ds11/301.png,174,132,188,164,4
ds11/301.png,178,1,188,35,4
ds11/302.png,58,94,92,122,4
ds11/302.png,146,216,178,244,4
ds11/303.png,99,208,135,240,4
ds11/303.png,147,217,176,246,4
ds11/304.png,100,0,127,21,4
ds11/304.png,147,216,175,244,4
ds11/304.png,152,74,180,102,4
ds11/304.png,155,167,185,196,4
ds11/304.png,166,9,188,37,4
ds11/305.png,151,220,176,244,4
ds11/305.png,130,103,162,135,4
ds11/305.png,119,35,149,62,4
ds11/305.png,65,111,93,140,4
ds11/305.png,31,52,61,82,4
ds11/305.png,29,157,57,185,4
ds11/306.png,128,76,160,108,4
ds11/306.png,146,216,176,245,4
ds11/306.png,158,0,188,37,4
ds11/307.png,146,218,175,246,4
ds11/308.png,79,152,106,181,4
ds11/308.png,148,216,176,243,4
ds11/309.png,147,218,180,248,4
ds11/309.png,147,67,188,104,4
ds11/309.png,156,113,188,142,4
ds11/310.png,103,152,127,177,4
ds11/310.png,148,218,173,243,4
ds11/310.png,123,63,150,90,4
ds11/310.png,16,11,47,40,4
ds11/310.png,8,188,38,219,4
ds11/310.png,43,110,73,138,4
ds11/311.png,149,220,175,248,4
ds11/311.png,15,223,39,249,4
ds11/311.png,0,1,16,22,4
ds11/312.png,0,42,31,77,4
ds11/312.png,19,197,48,226,4
ds11/312.png,63,63,93,94,4
ds11/312.png,147,212,176,240,4
ds11/313.png,23,177,52,206,4
ds11/313.png,146,216,176,247,4
ds11/313.png,0,129,18,156,4
ds11/314.png,109,160,142,193,4
ds11/314.png,148,215,177,246,4
ds11/314.png,60,15,89,46,4
ds11/314.png,46,0,72,22,4
ds11/314.png,134,2,160,30,4
ds11/314.png,101,17,125,43,4
ds11/315.png,77,151,105,181,4
ds11/315.png,81,202,107,230,4
ds11/315.png,147,219,174,246,4
ds11/316.png,117,120,154,158,4
ds11/316.png,141,16,188,68,4
ds11/316.png,150,217,176,246,4
ds11/317.png,6,151,35,184,4
ds11/317.png,108,79,144,112,4
ds11/317.png,147,220,177,247,4
ds11/317.png,163,53,188,87,4
ds11/318.png,59,40,80,64,4
ds11/318.png,0,100,25,128,4
ds11/318.png,147,175,173,202,4
ds11/318.png,146,215,174,243,4
ds11/318.png,117,35,148,66,4
ds11/318.png,56,197,83,224,4
ds11/318.png,42,165,71,194,4
ds11/318.png,15,54,45,83,4
ds11/318.png,7,158,34,189,4
ds11/319.png,19,0,45,28,4
ds11/319.png,154,105,180,133,4
ds11/319.png,131,119,157,144,4
ds11/319.png,53,35,75,56,4
ds11/319.png,50,70,79,99,4
ds11/319.png,138,59,166,86,4
ds11/319.png,150,218,176,244,4
ds11/320.png,87,0,114,20,4
ds11/320.png,91,43,117,70,4
ds11/320.png,142,124,171,151,4
ds11/320.png,146,216,176,246,4
ds11/320.png,157,59,185,86,4
ds11/321.png,148,216,178,246,4
ds11/322.png,78,151,106,181,4
ds11/322.png,147,215,176,243,4
ds11/323.png,114,27,151,60,4
ds11/323.png,144,216,174,246,4
ds11/324.png,146,216,173,243,4
ds11/325.png,146,217,176,246,4
ds11/325.png,162,57,188,90,4
ds11/326.png,124,157,156,187,4
ds11/326.png,127,14,162,48,4
ds11/326.png,130,104,166,142,4
ds11/326.png,144,216,174,250,4
ds11/327.png,143,213,172,244,4
ds11/328.png,3,168,33,197,4
ds11/328.png,102,0,132,33,4
ds11/328.png,145,217,172,245,4
ds11/328.png,160,25,188,53,4
ds11/329.png,76,60,106,90,4
ds11/329.png,104,153,132,181,4
ds11/329.png,147,217,176,245,4
ds11/330.png,0,108,30,147,4
ds11/330.png,147,216,176,245,4
ds11/331.png,44,146,73,175,4
ds11/331.png,151,56,188,106,4
ds11/331.png,151,219,177,246,4
ds11/331.png,157,113,188,142,4
ds11/332.png,115,169,139,194,4
ds11/332.png,92,184,118,208,4
ds11/332.png,155,113,184,141,4
ds11/332.png,146,216,176,245,4
ds11/332.png,90,169,140,209,4
ds11/332.png,82,6,112,38,4
ds11/332.png,15,14,45,45,4
ds11/332.png,98,123,126,150,4
ds11/333.png,0,125,23,160,4
ds11/333.png,23,177,52,206,4
ds11/333.png,28,71,63,104,4
ds11/333.png,149,218,175,245,4
ds11/334.png,6,96,34,124,4
ds11/334.png,83,225,111,250,4
ds11/334.png,146,217,175,245,4
ds11/335.png,0,100,26,131,4
ds11/335.png,102,28,132,58,4
ds11/335.png,138,167,167,194,4
ds11/335.png,148,216,176,244,4
ds11/335.png,152,0,188,32,4
ds11/336.png,120,124,152,153,4
ds11/336.png,149,214,176,247,4
ds11/336.png,145,18,173,50,4
ds11/337.png,145,216,173,245,4
ds11/338.png,147,216,176,249,4
ds11/339.png,147,219,174,245,4
ds11/340.png,30,92,58,122,4
ds11/340.png,99,156,128,184,4
ds11/340.png,145,214,173,245,4
ds11/341.png,167,0,188,22,4
ds11/341.png,145,214,175,244,4
ds11/341.png,127,72,158,102,4
ds11/341.png,99,141,126,168,4
ds11/341.png,92,226,116,249,4
ds11/341.png,87,9,114,36,4
ds11/341.png,83,69,110,99,4
ds11/341.png,72,110,102,139,4
ds11/341.png,60,39,90,67,4
ds11/341.png,5,117,34,146,4
ds11/341.png,2,197,28,224,4
ds11/342.png,156,54,185,86,4
ds11/342.png,12,16,39,46,4
ds11/342.png,0,0,26,25,4
ds11/342.png,100,217,128,246,4
ds11/342.png,68,95,96,120,4
ds11/342.png,61,161,92,192,4
ds11/342.png,86,6,114,34,4
ds11/342.png,53,18,78,43,4
ds11/343.png,144,216,177,247,4
ds11/343.png,23,0,51,26,4
ds11/344.png,146,218,176,248,4
ds11/344.png,175,144,188,173,4
ds11/345.png,12,186,39,212,4
ds11/345.png,144,215,175,246,4
ds11/345.png,32,94,60,123,4
ds11/345.png,0,134,21,164,4
ds11/346.png,144,168,171,196,4
ds11/346.png,148,220,174,246,4
ds11/347.png,57,82,83,109,4
ds11/347.png,146,218,174,246,4
ds11/347.png,117,79,147,108,4
ds11/347.png,45,5,75,35,4
ds11/347.png,15,98,47,127,4
ds11/348.png,143,214,176,247,4
ds11/349.png,14,0,53,45,4
ds11/349.png,148,218,175,246,4
ds11/350.png,149,218,176,245,4
ds11/351.png,0,99,25,133,4
ds11/351.png,99,26,135,62,4
ds11/351.png,137,167,167,195,4
ds11/351.png,144,213,178,247,4
ds11/351.png,154,0,188,35,4
ds11/352.png,3,168,33,198,4
ds11/352.png,102,2,132,33,4
ds11/352.png,142,213,173,246,4
ds11/352.png,160,25,188,53,4
ds11/353.png,51,116,76,144,4
ds11/353.png,144,216,174,245,4
ds11/353.png,39,166,66,191,4
ds11/354.png,76,60,106,90,4
ds11/354.png,104,152,132,182,4
ds11/354.png,147,217,176,245,4
ds11/355.png,45,204,71,233,4
ds11/355.png,148,215,176,245,4
ds11/355.png,17,7,47,37,4
ds11/356.png,44,65,73,93,4
ds11/356.png,149,215,175,242,4
ds11/357.png,0,220,20,248,4
ds11/357.png,147,218,173,245,4
ds11/357.png,112,157,139,185,4
ds11/357.png,83,61,114,91,4
ds11/357.png,44,186,77,218,4
ds11/357.png,5,83,34,114,4
ds11/358.png,143,214,172,243,4
ds11/359.png,150,9,169,28,4
ds11/359.png,131,104,162,134,4
ds11/359.png,64,111,94,142,4
ds11/359.png,28,156,57,187,4
ds11/359.png,150,219,177,246,4
ds11/360.png,59,64,97,100,4
ds11/360.png,147,20,188,64,4
ds11/360.png,147,216,176,245,4
ds11/361.png,0,195,30,225,4
ds11/361.png,0,237,29,250,4
ds11/361.png,4,110,36,149,4
ds11/361.png,61,41,90,67,4
ds11/361.png,72,108,103,142,4
ds11/361.png,82,63,118,101,4
ds11/361.png,87,9,115,40,4
ds11/361.png,92,226,118,250,4
ds11/361.png,99,140,129,170,4
ds11/361.png,124,69,161,105,4
ds11/361.png,147,215,176,243,4
ds11/361.png,162,0,188,27,4
ds11/362.png,46,131,71,157,4
ds11/362.png,49,203,76,228,4
ds11/362.png,150,218,177,245,4
ds11/363.png,125,157,154,186,4
ds11/363.png,128,15,159,44,4
ds11/363.png,134,108,163,138,4
ds11/363.png,146,217,173,246,4
ds11/364.png,129,164,180,200,4
ds11/364.png,147,218,175,247,4
ds11/365.png,46,0,73,28,4
ds11/365.png,61,17,86,44,4
ds11/365.png,136,3,162,29,4
ds11/365.png,101,16,123,41,4
ds11/365.png,149,217,175,243,4
ds11/365.png,116,93,144,118,4
ds11/365.png,110,160,140,193,4
ds11/366.png,70,132,110,161,4
ds11/366.png,146,215,174,243,4
ds11/367.png,154,105,180,132,4
ds11/367.png,130,119,158,145,4
ds11/367.png,19,0,45,26,4
ds11/367.png,151,217,175,243,4
ds11/367.png,139,58,167,84,4
ds11/368.png,145,214,172,241,4
ds11/369.png,28,93,58,125,4
ds11/369.png,98,156,128,185,4
ds11/369.png,144,213,174,246,4
ds11/370.png,147,38,173,64,4
ds11/370.png,32,95,60,120,4
ds11/370.png,152,108,177,132,4
ds11/370.png,147,215,174,245,4
ds11/370.png,14,186,39,212,4
ds11/370.png,0,206,18,233,4
ds11/371.png,14,5,47,38,4
ds11/371.png,148,217,176,245,4
ds11/371.png,45,204,69,234,4
ds11/372.png,147,215,176,244,4
ds11/373.png,148,220,176,246,4
ds11/374.png,110,0,137,19,4
ds11/374.png,151,218,179,244,4
ds11/375.png,0,89,25,120,4
ds11/375.png,141,215,170,244,4
ds11/375.png,106,104,134,134,4
ds11/375.png,17,181,45,212,4
ds11/376.png,54,91,89,136,4
ds11/376.png,145,215,178,245,4
ds11/377.png,135,95,164,124,4
ds11/377.png,146,216,175,247,4
ds11/378.png,0,95,15,123,4
ds11/378.png,147,219,175,247,4
ds11/379.png,58,37,83,65,4
ds11/379.png,0,101,27,128,4
ds11/379.png,147,216,174,242,4
ds11/379.png,146,174,175,203,4
ds11/379.png,118,35,147,65,4
ds11/379.png,56,196,84,224,4
ds11/379.png,42,164,71,194,4
ds11/379.png,15,54,46,84,4
ds11/379.png,8,159,34,187,4
ds11/380.png,86,140,116,171,4
ds11/380.png,123,14,152,45,4
ds11/380.png,151,216,178,245,4
ds11/380.png,32,174,58,204,4
ds11/380.png,0,210,24,237,4
ds11/380.png,0,188,22,211,4
ds11/380.png,46,39,72,68,4
ds11/381.png,12,188,39,216,4
ds11/381.png,89,0,116,33,4
ds11/381.png,110,39,140,70,4
ds11/381.png,139,77,169,109,4
ds11/381.png,146,217,176,245,4
ds11/381.png,165,127,188,155,4
ds11/381.png,76,150,101,177,4
ds11/381.png,76,118,102,145,4
ds11/381.png,126,139,157,171,4
ds11/382.png,146,214,176,245,4
ds11/383.png,143,213,173,242,4
ds11/384.png,121,63,152,93,4
ds11/384.png,145,215,174,247,4
ds11/384.png,10,189,36,219,4
ds11/384.png,44,111,73,139,4
ds11/384.png,16,13,43,41,4
ds11/385.png,0,90,23,120,4
ds11/385.png,0,221,28,247,4
ds11/385.png,139,214,173,246,4
ds11/386.png,99,0,126,22,4
ds11/386.png,145,216,177,246,4
ds11/386.png,149,72,183,106,4
ds11/386.png,151,167,187,199,4
ds11/386.png,163,9,188,38,4
ds11/387.png,107,0,143,23,4
ds11/387.png,147,214,179,246,4
ds11/388.png,115,167,141,196,4
ds11/388.png,91,182,119,209,4
ds11/388.png,155,112,185,141,4
ds11/388.png,148,217,175,244,4
ds11/388.png,100,122,127,148,4
ds11/388.png,81,6,113,39,4
ds11/388.png,16,14,44,44,4
ds11/389.png,5,153,35,184,4
ds11/389.png,112,81,142,111,4
ds11/389.png,148,220,177,247,4
ds11/389.png,162,49,188,89,4
ds11/390.png,45,130,73,158,4
ds11/390.png,47,203,76,229,4
ds11/390.png,149,217,178,247,4
ds11/391.png,0,108,33,148,4
ds11/391.png,147,216,176,245,4
ds11/392.png,62,160,94,197,4
ds11/392.png,68,95,98,121,4
ds11/392.png,101,218,128,246,4
ds11/392.png,145,219,172,244,4
ds11/392.png,86,5,115,33,4
ds11/392.png,52,17,77,44,4
ds11/392.png,0,1,26,24,4
ds11/392.png,13,16,38,47,4
ds11/392.png,158,57,183,83,4
ds11/393.png,135,95,165,123,4
ds11/393.png,147,217,175,246,4
ds11/394.png,39,159,72,194,4
ds11/394.png,145,217,173,244,4
ds11/394.png,51,118,78,145,4
ds11/394.png,73,116,102,149,4
ds11/395.png,88,84,117,113,4
ds11/395.png,92,135,119,163,4
ds11/395.png,145,216,173,244,4
ds11/395.png,159,151,186,179,4
ds11/396.png,86,0,116,20,4
ds11/396.png,90,40,118,72,4
ds11/396.png,143,123,171,152,4
ds11/396.png,147,217,174,245,4
ds11/396.png,157,57,185,86,4
ds11/397.png,12,187,41,216,4
ds11/397.png,89,0,121,36,4
ds11/397.png,111,37,141,70,4
ds11/397.png,139,77,170,109,4
ds11/397.png,147,219,176,244,4
ds11/397.png,74,149,102,179,4
ds11/397.png,152,131,172,160,4
ds11/397.png,130,139,151,166,4
ds11/397.png,168,130,188,155,4
ds11/398.png,146,216,175,244,4
ds11/398.png,6,96,31,126,4
ds11/399.png,46,187,76,218,4
ds11/399.png,143,217,174,247,4
ds11/400.png,135,210,170,246,5
ds11/400.png,162,130,188,165,5
ds11/400.png,45,53,76,85,5
ds11/400.png,52,87,91,127,5
ds11/401.png,23,193,83,247,5
ds11/401.png,57,164,108,224,5
ds11/401.png,125,195,177,247,5
ds11/401.png,154,85,188,127,5
ds11/402.png,132,206,171,245,5
ds11/403.png,134,207,174,248,5
ds11/404.png,137,129,171,165,5
ds11/404.png,137,210,172,243,5
ds11/405.png,0,149,25,187,5
ds11/405.png,132,206,172,247,5
ds11/406.png,137,212,174,248,5
ds11/406.png,33,7,72,45,5
ds11/407.png,0,0,29,40,5
ds11/407.png,75,52,113,89,5
ds11/407.png,102,76,142,116,5
ds11/407.png,110,146,150,187,5
ds11/407.png,119,111,158,150,5
ds11/407.png,132,201,176,247,5
ds11/408.png,0,75,28,110,5
ds11/408.png,9,185,48,223,5
ds11/408.png,32,18,70,57,5
ds11/408.png,54,161,96,200,5
ds11/408.png,134,204,174,246,5
ds11/409.png,134,206,172,248,5
ds11/410.png,136,204,173,244,5
ds11/410.png,78,54,110,86,5
ds11/410.png,106,77,137,111,5
ds11/410.png,120,113,156,150,5
ds11/410.png,112,150,145,185,5
ds11/411.png,140,215,173,247,5
ds11/411.png,34,8,73,46,5
ds11/412.png,132,203,174,245,5
ds11/413.png,131,206,170,246,5
ds11/414.png,66,107,105,147,5
ds11/414.png,138,206,177,247,5
ds11/414.png,146,58,188,102,5
ds11/414.png,175,4,188,41,5
ds11/414.png,146,59,183,96,5
ds11/414.png,20,199,55,236,5
ds11/414.png,31,169,63,204,5
ds11/414.png,0,152,34,191,5
ds11/415.png,130,203,173,247,5
ds11/415.png,6,216,41,249,5
ds11/416.png,132,206,172,246,5
ds11/417.png,135,207,176,247,5
ds11/418.png,23,240,53,250,5
ds11/418.png,131,205,173,246,5
ds11/419.png,84,156,119,194,5
ds11/419.png,133,203,170,241,5
ds11/419.png,28,195,67,241,5
ds11/420.png,23,184,69,227,5
ds11/420.png,135,202,177,244,5
ds11/420.png,65,74,103,108,5
ds11/420.png,169,12,188,50,5
ds11/421.png,130,199,179,250,5
ds11/422.png,138,206,173,240,5
ds11/422.png,18,27,50,61,5
ds11/422.png,11,0,44,32,5
ds11/423.png,40,231,85,250,5
ds11/423.png,133,207,176,250,5
ds11/424.png,30,55,64,91,5
ds11/424.png,143,210,174,243,5
ds11/424.png,46,215,80,248,5
ds11/424.png,13,208,46,244,5
ds11/424.png,0,162,31,197,5
ds11/425.png,43,50,80,88,5
ds11/425.png,50,85,92,128,5
ds11/425.png,60,0,98,22,5
ds11/425.png,133,208,172,247,5
ds11/425.png,159,127,188,166,5
ds11/425.png,168,22,188,61,5
ds11/426.png,137,209,172,240,5
ds11/427.png,137,206,173,245,5
ds11/427.png,81,192,115,226,5
ds11/427.png,46,181,82,212,5
ds11/428.png,55,59,96,96,5
ds11/428.png,139,214,171,247,5
ds11/428.png,125,1,159,37,5
ds11/429.png,129,207,172,248,5
ds11/430.png,134,207,170,244,5
ds11/431.png,137,210,172,247,5
ds11/432.png,134,206,173,246,5
ds11/433.png,0,0,188,250,5
ds11/433.png,135,209,176,249,5
ds11/434.png,131,206,172,248,5
ds11/435.png,131,207,171,246,5
ds11/436.png,131,210,169,245,5
ds11/437.png,108,0,145,19,5
ds11/437.png,121,131,158,172,5
ds11/437.png,130,207,171,250,5
ds11/438.png,0,0,188,250,5
ds11/438.png,135,208,173,245,5
ds11/438.png,137,59,176,98,5
ds11/438.png,105,60,135,98,5
ds11/438.png,80,32,115,68,5
ds11/438.png,115,21,150,59,5
ds11/438.png,99,0,137,30,5
ds11/439.png,0,0,56,26,5
ds11/439.png,133,203,175,247,5
ds11/439.png,80,190,116,226,5
ds11/439.png,45,178,79,212,5
ds11/440.png,138,211,176,247,5
ds11/441.png,68,109,105,144,5
ds11/441.png,139,209,177,247,5
ds11/441.png,144,58,188,98,5
ds11/441.png,148,60,182,95,5
ds11/441.png,30,169,66,204,5
ds11/441.png,23,202,56,234,5
ds11/441.png,0,154,34,191,5
ds11/441.png,22,229,57,250,5
ds11/442.png,118,99,156,140,5
ds11/442.png,139,209,175,244,5
ds11/443.png,136,204,174,245,5
ds11/443.png,27,27,61,61,5
ds11/443.png,38,0,76,33,5
ds11/443.png,28,223,65,250,5
ds11/443.png,10,196,44,231,5
ds11/444.png,110,0,146,15,5
ds11/444.png,122,134,157,171,5
ds11/444.png,132,211,169,247,5
ds11/445.png,130,204,173,247,5
ds11/446.png,138,208,173,243,5
ds11/446.png,138,60,172,99,5
ds11/446.png,106,62,137,94,5
ds11/446.png,80,34,115,68,5
ds11/446.png,116,23,150,60,5
ds11/446.png,103,0,134,32,5
ds11/447.png,136,204,171,242,5
ds11/447.png,117,195,182,249,5
ds11/448.png,137,210,173,246,5
ds11/449.png,131,206,173,244,5
ds11/450.png,133,204,171,243,5
ds11/451.png,25,109,71,157,5
ds11/451.png,124,0,158,15,5
ds11/451.png,132,202,174,245,5
ds11/451.png,4,59,41,94,5
ds11/451.png,13,22,50,57,5
ds11/451.png,1,0,31,28,5
ds11/452.png,134,208,171,246,5
ds11/452.png,39,0,68,31,5
ds11/453.png,132,206,174,248,5
ds11/454.png,134,207,171,243,5
ds11/455.png,135,207,171,246,5
ds11/456.png,131,200,173,245,5
ds11/457.png,0,76,27,109,5
ds11/457.png,10,186,48,223,5
ds11/457.png,33,18,70,56,5
ds11/457.png,56,162,92,198,5
ds11/457.png,136,209,173,244,5
ds11/458.png,106,71,144,109,5
ds11/458.png,134,208,171,244,5
ds11/458.png,40,210,78,248,5
ds11/459.png,55,223,89,250,5
ds11/459.png,92,128,135,172,5
ds11/459.png,127,13,164,56,5
ds11/459.png,134,204,174,245,5
ds11/459.png,135,88,177,132,5
ds11/460.png,141,212,174,246,5
ds11/461.png,0,23,27,64,5
ds11/461.png,0,202,10,233,5
ds11/461.png,134,208,172,245,5
ds11/461.png,137,211,171,241,5
ds11/461.png,86,177,117,208,5
ds11/461.png,57,151,88,186,5
ds11/461.png,21,160,57,196,5
ds11/461.png,2,127,33,161,5
ds11/462.png,128,203,169,244,5
ds11/462.png,63,25,99,65,5
ds11/462.png,97,10,136,50,5
ds11/462.png,134,19,172,55,5
ds11/462.png,120,0,158,29,5
ds11/463.png,57,225,88,250,5
ds11/463.png,95,131,132,170,5
ds11/463.png,128,15,163,53,5
ds11/463.png,137,92,175,129,5
ds11/463.png,138,208,173,244,5
ds11/464.png,135,207,169,244,5
ds11/464.png,7,215,40,249,5
ds11/465.png,134,206,172,245,5
ds11/466.png,25,0,64,22,5
ds11/466.png,138,208,178,248,5
ds11/467.png,0,25,24,64,5
ds11/467.png,0,199,12,233,5
ds11/467.png,131,203,173,245,5
ds11/467.png,2,125,38,163,5
ds11/467.png,19,159,58,198,5
ds11/467.png,56,151,92,188,5
ds11/467.png,83,175,117,211,5
ds11/468.png,135,203,174,241,5
ds11/468.png,16,29,53,63,5
ds11/468.png,9,0,44,38,5
ds11/469.png,135,209,172,246,5
ds11/470.png,133,206,172,246,5
ds11/470.png,35,0,71,27,5
ds11/471.png,0,223,15,250,5
ds11/471.png,138,212,175,244,5
ds11/472.png,129,205,175,246,5
ds11/473.png,139,207,175,244,5
ds11/473.png,80,152,116,192,5
ds11/473.png,48,152,81,188,5
ds11/473.png,24,123,59,162,5
ds11/473.png,41,81,82,119,5
ds11/473.png,55,116,93,151,5
ds11/474.png,151,49,188,87,5
ds11/474.png,134,205,174,246,5
ds11/475.png,135,210,173,246,5
ds11/476.png,8,119,43,154,5
ds11/476.png,13,236,47,250,5
ds11/476.png,30,165,64,202,5
ds11/476.png,137,211,171,244,5
ds11/477.png,134,208,173,247,5
ds11/478.png,132,203,170,243,5
ds11/478.png,157,90,188,125,5
ds11/479.png,28,187,66,225,5
ds11/479.png,137,205,174,243,5
ds11/479.png,162,47,188,83,5
ds11/479.png,173,13,188,46,5
ds11/479.png,70,74,100,108,5
ds11/480.png,139,208,173,243,5
ds11/480.png,13,197,41,230,5
ds11/480.png,30,223,62,250,5
ds11/480.png,40,0,77,29,5
ds11/480.png,30,25,59,60,5
ds11/481.png,136,210,171,245,5
ds11/482.png,134,206,175,247,5
ds11/482.png,117,99,156,139,5
ds11/483.png,135,208,171,245,5
ds11/484.png,135,207,173,246,5
ds11/485.png,27,54,65,95,5
ds11/485.png,141,208,176,245,5
ds11/485.png,46,211,79,249,5
ds11/485.png,11,209,45,244,5
ds11/485.png,0,159,30,198,5
ds11/486.png,33,0,98,33,5
ds11/486.png,135,208,170,242,5
ds11/487.png,136,207,178,248,5
ds11/488.png,129,206,166,244,5
ds11/488.png,62,25,99,61,5
ds11/488.png,99,10,134,49,5
ds11/488.png,134,18,170,52,5
ds11/488.png,125,0,157,23,5
ds11/489.png,27,0,63,22,5
ds11/489.png,143,212,175,245,5
ds11/490.png,134,205,169,246,5
ds11/491.png,135,207,176,249,5
ds11/492.png,28,112,67,154,5
ds11/492.png,120,0,160,15,5
ds11/492.png,137,208,172,243,5
ds11/492.png,5,60,37,92,5
ds11/492.png,14,23,47,59,5
ds11/492.png,0,0,32,25,5
ds11/493.png,132,204,175,245,5
ds11/494.png,53,56,96,99,5
ds11/494.png,137,210,173,248,5
ds11/494.png,145,11,183,49,5
ds11/494.png,125,4,154,36,5
ds11/495.png,0,150,22,186,5
ds11/495.png,136,210,171,245,5
ds11/496.png,131,208,170,246,5
ds11/496.png,68,206,102,241,5
ds11/497.png,32,200,69,238,5
ds11/497.png,78,154,119,194,5
ds11/497.png,130,202,172,245,5
ds11/498.png,139,204,172,244,5
ds11/498.png,42,82,77,117,5
ds11/498.png,56,116,92,150,5
ds11/498.png,20,125,58,160,5
ds11/498.png,48,150,82,189,5
ds11/498.png,79,154,117,191,5
ds11/499.png,135,204,171,243,5
ds11/500.png,21,81,71,133,6
ds11/501.png,133,196,176,244,6
ds11/501.png,84,54,131,97,6
ds11/501.png,43,172,85,215,6
ds11/502.png,121,141,170,186,6
ds11/503.png,57,156,100,201,6
ds11/504.png,86,38,133,84,6
ds11/504.png,52,67,98,115,6
ds11/504.png,85,98,130,145,6
ds11/505.png,115,94,163,144,6
ds11/506.png,26,47,72,96,6
ds11/507.png,106,23,157,84,6
ds11/507.png,70,113,118,163,6
ds11/508.png,91,129,137,175,6
ds11/508.png,137,134,167,180,6
ds11/509.png,66,21,111,69,6
ds11/509.png,56,68,100,113,6
ds11/509.png,36,103,80,145,6
ds11/509.png,13,140,61,187,6
ds11/509.png,59,134,106,178,6
ds11/510.png,21,83,70,131,6
ds11/511.png,126,3,172,51,6
ds11/511.png,58,151,104,196,6
ds11/512.png,60,146,109,194,6
ds11/512.png,18,54,73,105,6
ds11/513.png,69,94,115,139,6
ds11/513.png,114,95,160,142,6
ds11/514.png,62,19,109,68,6
ds11/514.png,27,52,73,99,6
ds11/514.png,60,82,106,125,6
ds11/515.png,94,24,138,70,6
ds11/516.png,112,79,159,129,6
ds11/517.png,63,20,107,68,6
ds11/517.png,27,52,73,97,6
ds11/517.png,62,81,106,125,6
ds11/518.png,65,23,111,71,6
ds11/518.png,56,68,100,113,6
ds11/518.png,38,101,80,147,6
ds11/518.png,12,142,64,188,6
ds11/518.png,63,133,107,180,6
ds11/519.png,131,154,186,205,6
ds11/519.png,24,113,72,163,6
ds11/520.png,99,160,149,212,6
ds11/521.png,35,84,79,126,6
ds11/521.png,31,125,73,171,6
ds11/521.png,72,116,117,162,6
ds11/521.png,112,140,158,185,6
ds11/521.png,82,181,129,228,6
ds11/521.png,37,196,82,239,6
ds11/521.png,56,160,98,201,6
ds11/522.png,108,34,154,82,6
ds11/522.png,70,113,119,163,6
ds11/523.png,94,128,134,174,6
ds11/523.png,136,132,169,179,6
ds11/524.png,91,126,135,172,6
ds11/524.png,80,122,136,174,6
ds11/525.png,115,117,166,169,6
ds11/526.png,45,179,96,227,6
ds11/527.png,116,93,163,141,6
ds11/528.png,111,79,159,129,6
ds11/529.png,94,15,135,60,6
ds11/529.png,119,55,165,98,6
ds11/530.png,25,48,72,99,6
ds11/531.png,55,146,112,195,6
ds11/531.png,19,54,74,105,6
ds11/532.png,132,154,186,205,6
ds11/532.png,21,113,72,163,6
ds11/533.png,84,14,132,65,6
ds11/533.png,48,32,87,81,6
ds11/533.png,65,70,112,114,6
ds11/533.png,61,111,110,155,6
ds11/533.png,102,133,142,174,6
ds11/533.png,99,175,143,222,6
ds11/534.png,0,187,45,232,6
ds11/534.png,107,109,161,158,6
ds11/534.png,69,17,124,67,6
ds11/535.png,80,6,132,56,6
ds11/536.png,114,116,165,170,6
ds11/537.png,93,14,135,62,6
ds11/537.png,121,52,164,96,6
ds11/538.png,115,94,164,142,6
ds11/539.png,155,200,161,207,6
ds11/539.png,105,191,155,238,6
ds11/540.png,47,42,97,92,6
ds11/541.png,66,16,109,63,6
ds11/541.png,40,51,83,87,6
ds11/541.png,125,24,172,72,6
ds11/541.png,103,73,145,117,6
ds11/541.png,119,125,165,172,6
ds11/541.png,125,172,175,221,6
ds11/542.png,38,202,82,249,6
ds11/542.png,58,107,128,180,9
ds11/543.png,69,95,115,139,6
ds11/543.png,115,96,158,143,6
ds11/544.png,5,137,50,179,6
ds11/544.png,41,164,88,210,6
ds11/544.png,60,102,102,147,6
ds11/544.png,65,58,109,105,6
ds11/544.png,93,13,137,61,6
ds11/544.png,141,18,186,64,6
ds11/544.png,113,65,160,109,6
ds11/544.png,114,103,157,144,6
ds11/544.png,114,141,159,183,6
ds11/544.png,133,179,181,227,6
ds11/545.png,29,126,73,170,6
ds11/545.png,72,116,118,162,6
ds11/545.png,111,139,156,184,6
ds11/545.png,81,181,129,228,6
ds11/545.png,37,194,84,240,6
ds11/545.png,56,159,98,201,6
ds11/545.png,31,83,80,126,6
ds11/546.png,105,191,155,237,6
ds11/547.png,126,3,172,48,6
ds11/547.png,53,147,107,198,6
ds11/548.png,1,4,47,51,6
ds11/548.png,30,38,74,79,6
ds11/548.png,24,122,72,174,6
ds11/548.png,92,111,137,158,6
ds11/548.png,102,187,148,234,6
ds11/548.png,60,186,102,230,6
ds11/548.png,0,138,24,183,6
ds11/549.png,48,43,98,92,6
ds11/550.png,99,160,149,211,6
ds11/551.png,103,188,149,234,6
ds11/551.png,61,185,102,230,6
ds11/551.png,25,125,72,173,6
ds11/551.png,0,136,24,180,6
ds11/551.png,94,111,136,158,6
ds11/551.png,31,38,72,83,6
ds11/551.png,1,5,45,51,6
ds11/552.png,46,179,96,227,6
ds11/553.png,79,7,130,55,6
ds11/554.png,73,20,124,68,6
ds11/554.png,111,111,159,158,6
ds11/554.png,0,188,45,233,6
ds11/555.png,101,175,143,221,6
ds11/555.png,105,133,143,175,6
ds11/555.png,65,110,110,155,6
ds11/555.png,67,70,114,112,6
ds11/555.png,47,32,88,78,6
ds11/555.png,85,13,131,62,6
ds11/556.png,86,95,132,140,6
ds11/556.png,54,68,99,116,6
ds11/556.png,88,36,132,82,6
ds11/557.png,4,137,49,179,6
ds11/557.png,43,162,88,207,6
ds11/557.png,132,178,179,228,6
ds11/557.png,114,141,158,181,6
ds11/557.png,60,101,101,148,6
ds11/557.png,63,58,106,103,6
ds11/557.png,92,13,137,62,6
ds11/557.png,141,18,187,65,6
ds11/557.png,110,65,161,109,6
ds11/557.png,111,106,160,147,6
ds11/558.png,91,51,137,98,6
ds11/558.png,65,15,107,61,6
ds11/559.png,58,158,102,199,6
ds11/560.png,111,177,172,247,7
ds11/561.png,115,188,175,247,7
ds11/562.png,111,184,176,245,7
ds11/563.png,111,182,174,248,7
ds11/564.png,113,193,171,246,7
ds11/565.png,117,186,175,248,7
ds11/566.png,118,189,177,248,7
ds11/567.png,104,179,175,248,7
ds11/568.png,117,189,181,249,7
ds11/568.png,89,73,138,135,7
ds11/569.png,112,193,171,246,7
ds11/570.png,119,191,177,249,7
ds11/571.png,115,192,175,247,7
ds11/571.png,107,16,166,75,7
ds11/572.png,116,188,173,249,7
ds11/573.png,114,187,171,244,7
ds11/574.png,105,172,180,248,7
ds11/575.png,119,187,176,247,7
ds11/576.png,118,189,178,248,7
ds11/577.png,116,186,174,246,7
ds11/578.png,114,189,176,249,7
ds11/579.png,112,182,183,248,7
ds11/580.png,120,195,171,247,7
ds11/581.png,117,194,174,248,7
ds11/582.png,116,184,173,247,7
ds11/583.png,118,191,178,249,7
ds11/584.png,109,177,181,248,7
ds11/585.png,119,184,175,248,7
ds11/586.png,118,193,172,243,7
ds11/587.png,116,189,177,249,7
ds11/588.png,119,191,179,249,7
ds11/588.png,85,71,139,136,7
ds11/589.png,118,192,175,249,7
ds11/590.png,119,187,177,247,7
ds11/591.png,109,182,172,248,7
ds11/592.png,118,192,179,249,7
ds11/593.png,118,184,177,247,7
ds11/594.png,112,187,177,248,7
ds11/595.png,112,190,173,244,7
ds11/596.png,121,193,177,248,7
ds11/597.png,117,189,169,243,7
ds11/597.png,32,21,91,78,7
ds11/598.png,119,188,174,248,7
ds11/599.png,113,185,175,247,7
ds11/600.png,94,173,172,248,7
ds11/601.png,115,190,173,249,7
ds11/602.png,113,186,173,247,7
ds11/604.png,116,191,177,247,7
ds11/605.png,149,3,188,64,7
ds11/605.png,118,193,171,249,7
ds11/605.png,42,85,101,140,7
ds11/606.png,119,186,176,244,7
ds11/607.png,121,192,173,247,7
ds11/608.png,112,187,170,243,7
ds11/609.png,118,184,178,247,7
ds11/610.png,114,191,176,247,7
ds11/610.png,107,16,166,75,7
ds11/611.png,119,190,178,249,7
ds11/613.png,116,186,175,248,7
ds11/614.png,112,187,174,246,7
ds11/615.png,119,189,170,246,7
ds11/616.png,112,188,169,250,7
ds11/617.png,118,190,169,243,7
ds11/618.png,113,188,173,244,7
ds11/619.png,107,175,177,245,7
ds11/620.png,118,193,175,246,7
ds11/621.png,112,190,171,249,7
ds11/622.png,116,193,169,246,7
ds11/623.png,111,186,178,248,7
ds11/624.png,115,190,171,249,7
ds11/625.png,117,192,174,247,7
ds11/626.png,111,183,171,244,7
ds11/627.png,120,191,173,245,7
ds11/628.png,116,192,177,249,7
ds11/629.png,123,187,178,249,7
ds11/630.png,117,190,177,246,7
ds11/631.png,113,195,169,248,7
ds11/632.png,112,179,174,246,7
ds11/633.png,117,191,175,246,7
ds11/634.png,109,187,169,244,7
ds11/635.png,114,188,174,248,7
ds11/636.png,112,181,180,248,7
ds11/637.png,115,193,174,249,7
ds11/638.png,118,192,174,249,7
ds11/639.png,123,191,178,246,7
ds11/640.png,121,194,174,249,7
ds11/641.png,118,190,175,248,7
ds11/642.png,117,190,173,244,7
ds11/643.png,114,187,170,242,7
ds11/644.png,118,193,176,249,7
ds11/645.png,118,189,174,247,7
ds11/646.png,149,6,188,58,7
ds11/646.png,118,195,171,247,7
ds11/646.png,46,86,101,139,7
ds11/647.png,112,187,170,247,7
ds11/647.png,33,19,91,79,7
ds11/648.png,116,180,181,244,7
ds11/649.png,94,173,173,247,7
ds11/650.png,118,186,172,245,7
ds11/651.png,118,195,174,249,7
ds11/652.png,117,180,178,244,7
ds11/653.png,119,191,174,247,7
ds11/654.png,110,193,168,249,7
ds11/655.png,116,193,174,247,7
ds11/656.png,121,193,177,249,7
ds11/657.png,113,187,171,245,7
ds11/658.png,112,188,177,246,7
ds11/659.png,112,187,174,247,7
ds11/660.png,63,125,99,163,8
ds11/660.png,148,20,174,49,4
ds11/661.png,88,100,122,135,8
ds11/662.png,0,228,28,250,4
ds11/662.png,74,116,113,160,8
ds11/663.png,0,215,18,246,4
ds11/663.png,0,98,40,134,8
ds11/663.png,50,53,92,97,8
ds11/663.png,65,26,95,55,4
ds11/663.png,95,18,132,56,8
ds11/663.png,113,0,150,29,4
ds11/663.png,147,177,180,211,8
ds11/664.png,40,117,79,154,8
ds11/664.png,98,25,153,72,8
ds11/665.png,97,100,134,136,8
ds11/666.png,43,238,71,250,8
ds11/666.png,56,77,91,112,8
ds11/667.png,0,204,24,234,4
ds11/667.png,96,126,135,163,8
ds11/668.png,51,54,81,84,4
ds11/668.png,96,77,136,116,8
ds11/669.png,49,87,87,123,8
ds11/670.png,85,56,120,100,8
ds11/671.png,12,127,46,165,8
ds11/671.png,69,151,103,190,8
ds11/672.png,85,132,128,170,8
ds11/673.png,68,95,100,129,8
ds11/674.png,36,57,66,88,8
ds11/675.png,50,156,91,196,8
ds11/675.png,52,22,82,52,4
ds11/676.png,0,220,39,250,8
ds11/676.png,28,196,59,226,4
ds11/676.png,32,30,77,72,4
ds11/676.png,52,175,90,212,8
ds11/676.png,174,200,188,237,8
ds11/677.png,79,67,120,108,8
ds11/677.png,88,108,124,149,8
ds11/677.png,102,47,136,79,8
ds11/678.png,48,111,87,148,8
ds11/678.png,76,80,107,112,4
ds11/678.png,110,67,145,107,8
ds11/678.png,145,66,184,102,8
ds11/679.png,58,54,95,96,8
ds11/680.png,44,160,73,190,4
ds11/680.png,68,145,104,184,8
ds11/681.png,15,117,53,154,8
ds11/681.png,67,143,106,180,8
ds11/681.png,134,67,169,105,8
ds11/682.png,105,98,144,136,8
ds11/683.png,123,74,160,105,4
ds11/683.png,38,142,73,180,8
ds11/683.png,16,161,42,185,8
ds11/684.png,98,143,131,176,8
ds11/685.png,33,134,72,171,8
ds11/685.png,48,0,90,30,8
ds11/685.png,110,140,166,182,8
ds11/686.png,67,155,104,194,8
ds11/687.png,45,116,87,156,8
ds11/687.png,66,65,107,103,8
ds11/688.png,59,105,95,141,8
ds11/688.png,59,216,81,236,4
ds11/689.png,94,113,132,148,8
ds11/689.png,14,33,41,64,8
ds11/689.png,17,1,47,28,8
ds11/690.png,56,151,91,188,8
ds11/691.png,61,154,103,193,8
ds11/692.png,119,55,147,86,8
ds11/692.png,124,103,152,131,8
ds11/692.png,85,52,117,87,8
ds11/692.png,62,83,98,121,8
ds11/693.png,91,94,123,129,8
ds11/694.png,72,156,106,193,8
ds11/694.png,108,92,147,132,8
ds11/695.png,89,74,129,114,8
ds11/696.png,112,81,150,114,8
ds11/697.png,55,128,88,165,8
ds11/697.png,172,91,188,123,8
ds11/698.png,67,105,111,143,8
ds11/698.png,129,238,163,250,4
ds11/699.png,41,191,79,234,8
ds11/699.png,112,79,147,115,8
ds11/700.png,75,122,124,166,8
ds11/701.png,95,97,125,127,8
ds11/702.png,49,116,86,152,8
ds11/703.png,74,109,114,148,8
ds11/704.png,65,110,104,144,8
ds11/705.png,52,123,86,155,8
ds11/706.png,134,131,170,165,8
ds11/707.png,59,30,95,69,8
ds11/708.png,34,99,67,140,8
ds11/708.png,128,113,161,149,8
ds11/709.png,43,93,88,134,8
ds11/710.png,85,40,117,71,4
ds11/710.png,101,118,140,156,8
ds11/711.png,88,117,124,154,8
ds11/713.png,26,85,61,122,8
ds11/713.png,157,106,188,144,8
ds11/714.png,81,130,118,167,8
ds11/715.png,75,85,111,123,8
ds11/716.png,79,64,128,103,8
ds11/717.png,68,64,102,98,8
ds11/717.png,110,0,138,20,4
ds11/718.png,123,93,155,130,8
ds11/718.png,98,120,129,153,8
ds11/719.png,58,197,88,230,4
ds11/719.png,88,52,129,95,8
ds11/719.png,104,111,138,146,4
ds11/719.png,115,136,148,171,8
ds11/720.png,66,112,104,149,8
ds11/721.png,88,110,127,154,8
ds11/722.png,31,99,67,134,8
ds11/723.png,45,99,88,142,8
ds11/723.png,59,39,95,78,8
ds11/724.png,38,39,75,79,8
ds11/724.png,100,203,135,242,8
ds11/725.png,48,121,81,156,8
ds11/725.png,76,93,115,133,8
ds11/726.png,58,134,92,168,4
ds11/726.png,131,94,160,123,8
ds11/727.png,76,96,123,134,8
ds11/727.png,124,122,163,159,8
ds11/728.png,0,238,27,250,8
ds11/728.png,18,5,49,37,8
ds11/728.png,31,72,71,113,8
ds11/728.png,103,134,146,179,8
ds11/729.png,112,101,147,137,8
ds11/730.png,86,105,120,140,8
ds11/731.png,35,85,70,119,8
ds11/731.png,107,15,140,53,4
ds11/732.png,106,104,141,141,8
ds11/733.png,68,61,102,96,8
ds11/734.png,0,234,26,250,8
ds11/734.png,70,134,106,169,8
ds11/735.png,59,116,97,147,8
ds11/736.png,79,66,117,101,8
ds11/736.png,105,132,137,169,8
ds11/737.png,48,63,88,104,8
ds11/738.png,86,133,125,175,8
ds11/739.png,56,140,89,173,8
ds11/740.png,134,149,171,188,8
ds11/741.png,59,89,94,126,8
ds11/742.png,43,53,73,83,4
ds11/742.png,99,131,131,170,8
ds11/743.png,36,65,85,109,8
ds11/744.png,80,111,114,146,8
ds11/745.png,57,105,94,143,8
ds11/745.png,165,54,188,83,4
ds11/746.png,21,103,51,138,4
ds11/746.png,89,94,129,133,8
ds11/747.png,83,180,119,213,8
ds11/747.png,113,42,156,83,8
ds11/747.png,128,187,160,218,4
ds11/748.png,69,90,106,128,8
ds11/749.png,2,104,39,143,8
ds11/749.png,122,188,151,221,8
ds11/749.png,150,91,188,127,8
ds11/750.png,25,194,62,231,8
ds11/750.png,37,64,71,96,4
ds11/750.png,99,63,137,101,8
ds11/750.png,120,152,153,196,8
ds11/751.png,77,65,119,99,8
ds11/751.png,86,122,122,158,8
ds11/751.png,123,98,151,130,8
ds11/751.png,84,120,120,160,8
ds11/751.png,75,64,116,101,8
ds11/752.png,9,127,45,165,8
ds11/752.png,112,42,150,75,8
ds11/753.png,65,74,106,115,8
ds11/754.png,79,112,120,151,8
ds11/755.png,86,90,123,124,8
ds11/756.png,91,140,126,179,8
ds11/756.png,73,2,105,34,8
ds11/756.png,59,18,89,51,8
ds11/757.png,11,89,47,123,8
ds11/757.png,170,97,188,131,8
ds11/758.png,86,90,124,127,8
ds11/759.png,39,102,72,136,8
ds11/759.png,135,86,172,121,8
ds11/760.png,22,29,54,60,9
ds11/760.png,54,21,82,56,9
ds11/760.png,56,128,89,162,9
ds11/760.png,67,104,103,135,9
ds11/760.png,82,18,115,53,9
ds11/760.png,87,52,119,83,9
ds11/760.png,118,14,152,49,9
ds11/760.png,129,42,164,78,9
ds11/761.png,18,125,54,161,9
ds11/761.png,168,2,188,26,9
ds11/761.png,157,3,186,34,9
ds11/761.png,122,9,152,43,9
ds11/761.png,141,35,174,68,9
ds11/761.png,107,66,135,97,9
ds11/761.png,63,93,94,126,9
ds11/761.png,53,66,84,97,9
ds11/761.png,33,101,64,130,9
ds11/761.png,78,12,109,46,9
ds11/761.png,87,45,118,72,9
ds11/761.png,154,63,187,95,9
ds11/762.png,128,38,159,69,9
ds11/762.png,145,16,171,46,9
ds11/762.png,71,0,104,23,9
ds11/762.png,68,19,97,48,9
ds11/762.png,46,48,77,83,9
ds11/762.png,114,60,148,97,9
ds11/762.png,110,94,141,124,9
ds11/762.png,92,43,121,75,9
ds11/762.png,85,73,114,105,9
ds11/762.png,14,121,49,156,9
ds11/762.png,0,149,33,181,9
ds11/762.png,160,188,186,226,9
ds11/762.png,133,184,162,212,9
ds11/762.png,106,196,140,232,9
ds11/762.png,50,195,85,227,9
ds11/762.png,63,227,96,250,9
ds11/762.png,93,228,126,250,9
ds11/762.png,22,213,55,246,9
ds11/762.png,23,32,53,67,9
ds11/762.png,6,94,37,124,9
ds11/762.png,13,62,44,93,9
ds11/762.png,2,10,30,40,9
ds11/762.png,0,35,25,66,9
ds11/763.png,0,54,35,89,9
ds11/763.png,26,157,59,191,9
ds11/763.png,156,0,188,34,9
ds11/763.png,61,85,91,116,9
ds11/763.png,54,116,82,148,9
ds11/764.png,145,14,172,45,9
ds11/764.png,127,38,161,69,9
ds11/764.png,117,65,147,95,9
ds11/764.png,110,94,140,124,9
ds11/764.png,85,71,116,105,9
ds11/764.png,93,43,124,73,9
ds11/764.png,66,19,98,47,9
ds11/764.png,69,0,105,20,9
ds11/764.png,47,46,79,83,9
ds11/764.png,13,60,43,93,9
ds11/764.png,7,94,37,121,9
ds11/764.png,15,121,50,157,9
ds11/764.png,0,149,32,182,9
ds11/764.png,1,10,31,40,9
ds11/764.png,22,33,51,65,9
ds11/764.png,132,185,162,212,9
ds11/764.png,159,189,187,224,9
ds11/764.png,106,195,139,233,9
ds11/764.png,52,194,83,228,9
ds11/764.png,20,211,54,247,9
ds11/764.png,62,222,94,250,9
ds11/764.png,93,227,126,250,9
ds11/764.png,0,33,22,67,9
ds11/765.png,66,0,101,28,9
ds11/765.png,11,0,39,25,9
ds11/765.png,147,79,182,114,9
ds11/765.png,134,108,166,140,9
ds11/765.png,97,118,135,153,9
ds11/765.png,80,170,113,200,9
ds11/765.png,73,197,106,228,9
ds11/765.png,147,195,179,226,9
ds11/766.png,42,56,72,89,9
ds11/766.png,80,79,114,116,9
ds11/766.png,113,79,147,116,9
ds11/766.png,148,113,183,146,9
ds11/766.png,145,145,172,173,9
ds11/766.png,137,168,170,201,9
ds11/766.png,111,181,141,211,9
ds11/766.png,109,128,139,158,9
ds11/766.png,85,115,111,146,9
ds11/766.png,60,99,88,132,9
ds11/766.png,33,86,65,120,9
ds11/766.png,0,80,33,114,9
ds11/766.png,22,118,53,147,9
ds11/766.png,51,122,84,152,9
ds11/766.png,27,157,59,185,9
ds11/766.png,43,182,77,213,9
ds11/766.png,54,213,86,241,9
ds11/766.png,20,226,53,250,9
ds11/766.png,105,209,136,243,9
ds11/766.png,79,181,112,215,9
ds11/766.png,90,151,124,184,9
ds11/766.png,170,214,188,247,9
ds11/766.png,168,175,188,209,9
ds11/766.png,2,193,33,227,9
ds11/767.png,140,218,173,250,9
ds11/767.png,54,98,88,132,9
ds11/767.png,85,113,118,146,9
ds11/767.png,59,128,90,160,9
ds11/767.png,25,99,55,134,9
ds11/767.png,3,119,31,153,9
ds11/767.png,44,58,75,92,9
ds11/767.png,58,28,89,64,9
ds11/767.png,19,38,53,68,9
ds11/767.png,14,8,43,38,9
ds11/767.png,34,0,64,24,9
ds11/767.png,63,0,91,18,9
ds11/767.png,91,0,120,20,9
ds11/767.png,105,9,138,38,9
ds11/767.png,98,49,132,83,9
ds11/767.png,127,30,157,62,9
ds11/767.png,129,66,157,94,9
ds11/767.png,152,48,182,79,9
ds11/767.png,152,83,183,113,9
ds11/768.png,0,0,27,28,9
ds11/768.png,33,0,64,22,9
ds11/768.png,57,9,95,46,9
ds11/768.png,121,24,154,61,9
ds11/768.png,151,39,179,73,9
ds11/768.png,126,122,160,156,9
ds11/768.png,97,141,128,176,9
ds11/768.png,123,158,157,189,9
ds11/768.png,156,156,187,190,9
ds11/768.png,135,228,170,250,9
ds11/768.png,170,227,188,250,9
ds11/768.png,103,229,134,250,9
ds11/768.png,37,213,71,245,9
ds11/768.png,52,181,81,213,9
ds11/768.png,68,165,95,200,9
ds11/768.png,16,153,47,186,9
ds11/768.png,19,186,48,215,9
ds11/768.png,0,178,19,211,9
ds11/768.png,11,75,47,109,9
ds11/769.png,0,0,26,25,9
ds11/769.png,33,0,64,22,9
ds11/769.png,56,7,94,45,9
ds11/769.png,11,77,47,109,9
ds11/769.png,118,22,156,61,9
ds11/769.png,151,41,179,73,9
ds11/769.png,125,121,160,157,9
ds11/769.png,97,142,130,176,9
ds11/769.png,125,159,156,190,9
ds11/769.png,156,158,188,190,9
ds11/769.png,102,229,137,250,9
ds11/769.png,136,227,170,250,9
ds11/769.png,66,166,96,195,9
ds11/769.png,15,153,47,187,9
ds11/769.png,19,186,48,215,9
ds11/769.png,0,180,16,213,9
ds11/769.png,51,183,83,215,9
ds11/769.png,37,214,71,248,9
ds11/770.png,23,28,55,60,9
ds11/770.png,54,21,83,57,9
ds11/770.png,56,128,90,162,9
ds11/770.png,68,103,104,136,9
ds11/770.png,82,18,118,54,9
ds11/770.png,87,53,119,84,9
ds11/770.png,117,14,152,49,9
ds11/770.png,130,42,164,79,9
ds11/771.png,0,52,27,81,9
ds11/771.png,0,190,29,219,9
ds11/771.png,81,70,112,101,9
ds11/771.png,63,93,94,125,9
ds11/771.png,73,123,105,153,9
ds11/771.png,98,106,130,139,9
ds11/771.png,123,120,157,152,9
ds11/771.png,101,134,130,164,9
ds11/772.png,29,0,65,26,9
ds11/772.png,134,102,168,133,9
ds11/772.png,115,128,149,159,9
ds11/772.png,126,158,158,187,9
ds11/772.png,51,220,84,250,9
ds11/772.png,154,138,184,171,9
ds11/772.png,155,170,184,198,9
ds11/772.png,42,82,78,117,9
ds11/773.png,0,0,35,40,9
ds11/773.png,0,102,27,138,9
ds11/773.png,0,235,24,250,9
ds11/773.png,24,19,64,53,9
ds11/773.png,26,0,62,19,9
ds11/773.png,33,51,65,79,9
ds11/773.png,35,186,67,215,9
ds11/773.png,52,7,85,40,9
ds11/773.png,56,202,91,234,9
ds11/773.png,58,168,88,199,9
ds11/773.png,104,98,139,130,9
ds11/773.png,109,68,140,98,9
ds11/773.png,131,110,166,145,9
ds11/773.png,153,160,188,201,9
ds11/773.png,174,70,188,101,9
ds11/773.png,154,169,182,200,9
ds11/773.png,10,129,43,158,9
ds11/773.png,0,148,30,174,9
ds11/773.png,4,170,37,207,9
ds11/773.png,31,149,62,183,9
ds11/774.png,36,189,69,221,9
ds11/774.png,0,190,33,223,9
ds11/774.png,18,217,49,249,9
ds11/774.png,0,155,27,185,9
ds11/774.png,45,230,78,250,9
ds11/774.png,0,216,18,248,9
ds11/774.png,155,113,183,140,9
ds11/774.png,124,103,153,133,9
ds11/774.png,98,86,130,118,9
ds11/774.png,70,79,97,111,9
ds11/774.png,41,72,73,105,9
ds11/774.png,43,40,72,71,9
ds11/774.png,68,25,98,56,9
ds11/774.png,87,49,121,83,9
ds11/774.png,118,48,153,84,9
ds11/774.png,122,16,155,50,9
ds11/774.png,134,1,168,17,9
ds11/774.png,93,12,126,43,9
ds11/774.png,82,0,114,14,9
ds11/774.png,49,1,82,34,9
ds11/774.png,23,13,52,44,9
ds11/774.png,0,28,30,57,9
ds11/774.png,16,125,51,160,9
ds11/775.png,3,219,34,250,9
ds11/775.png,0,194,28,223,9
ds11/775.png,67,143,99,176,9
ds11/775.png,34,144,65,179,9
ds11/775.png,113,158,140,190,9
ds11/775.png,133,141,163,169,9
ds11/775.png,121,118,149,145,9
ds11/775.png,142,96,175,131,9
ds11/775.png,126,71,157,103,9
ds11/775.png,76,37,112,72,9
ds11/775.png,73,72,106,105,9
ds11/775.png,40,75,73,110,9
ds11/775.png,50,121,79,153,9
ds11/775.png,44,42,77,77,9
ds11/775.png,102,61,131,90,9
ds11/775.png,102,91,130,126,9
ds11/775.png,0,59,31,92,9
ds11/775.png,0,93,31,125,9
ds11/775.png,102,214,136,248,9
ds11/776.png,0,54,35,89,9
ds11/776.png,26,156,60,191,9
ds11/776.png,156,0,188,34,9
ds11/776.png,60,84,92,114,9
ds11/776.png,54,115,84,148,9
ds11/777.png,43,55,73,91,9
ds11/777.png,35,86,67,120,9
ds11/777.png,0,82,33,114,9
ds11/777.png,23,118,55,150,9
ds11/777.png,79,80,115,117,9
ds11/777.png,83,115,111,145,9
ds11/777.png,54,121,83,153,9
ds11/777.png,27,154,59,186,9
ds11/777.png,44,180,79,214,9
ds11/777.png,2,192,35,228,9
ds11/777.png,21,224,52,250,9
ds11/777.png,56,213,86,240,9
ds11/777.png,79,180,111,218,9
ds11/777.png,111,180,142,212,9
ds11/777.png,105,212,135,243,9
ds11/777.png,169,215,188,245,9
ds11/777.png,145,143,176,175,9
ds11/777.png,149,112,183,146,9
ds11/777.png,114,80,147,115,9
ds11/777.png,110,127,140,158,9
ds11/777.png,90,151,124,186,9
ds11/777.png,136,168,169,200,9
ds11/778.png,18,125,54,162,9
ds11/778.png,155,60,188,94,9
ds11/778.png,63,94,94,126,9
ds11/778.png,34,98,62,132,9
ds11/778.png,52,66,83,95,9
ds11/778.png,81,69,111,97,9
ds11/778.png,106,67,136,95,9
ds11/778.png,85,44,116,74,9
ds11/778.png,78,14,109,45,9
ds11/778.png,119,9,152,42,9
ds11/778.png,157,2,187,36,9
ds11/778.png,138,33,176,68,9
ds11/779.png,0,163,16,197,9
ds11/779.png,0,200,21,250,9
ds11/779.png,24,190,58,224,9
ds11/779.png,78,157,117,196,9
ds11/779.png,107,119,145,158,9
ds11/779.png,140,72,177,105,9
ds11/779.png,175,67,188,99,9
ds11/779.png,67,10,97,44,9
ds11/779.png,96,20,126,53,9
ds11/779.png,74,44,105,75,9
ds11/780.png,0,0,24,28,9
ds11/780.png,6,19,39,52,9
ds11/780.png,1,50,35,81,9
ds11/780.png,0,81,30,112,9
ds11/780.png,78,11,108,45,9
ds11/780.png,105,3,138,34,9
ds11/780.png,104,35,134,62,9
ds11/780.png,94,62,127,96,9
ds11/780.png,66,55,94,85,9
ds11/780.png,69,85,98,114,9
ds11/780.png,43,98,77,133,9
ds11/780.png,45,133,80,166,9
ds11/780.png,73,114,102,144,9
ds11/780.png,116,97,146,126,9
ds11/780.png,128,69,159,101,9
ds11/780.png,145,35,178,67,9
ds11/780.png,164,63,188,94,9
ds11/780.png,149,93,181,124,9
ds11/780.png,135,117,165,148,9
ds11/780.png,111,138,145,174,9
ds11/780.png,109,171,141,201,9
ds11/780.png,140,159,175,190,9
ds11/780.png,142,191,176,226,9
ds11/780.png,162,222,188,250,9
ds11/780.png,105,213,138,247,9
ds11/780.png,83,194,113,226,9
ds11/780.png,74,224,106,250,9
ds11/780.png,42,219,75,250,9
ds11/780.png,45,187,79,218,9
ds11/780.png,25,162,61,197,9
ds11/780.png,17,194,48,224,9
ds11/780.png,12,222,41,250,9
ds11/780.png,31,9,65,37,9
ds11/780.png,41,0,71,26,9
ds11/781.png,35,190,67,222,9
ds11/781.png,43,230,77,250,9
ds11/781.png,18,216,50,250,9
ds11/781.png,0,214,18,249,9
ds11/781.png,0,190,33,221,9
ds11/781.png,0,153,20,185,9
ds11/781.png,42,72,72,103,9
ds11/781.png,71,81,99,109,9
ds11/781.png,98,87,130,117,9
ds11/781.png,127,104,155,133,9
ds11/781.png,152,113,184,140,9
ds11/781.png,118,50,152,83,9
ds11/781.png,122,14,154,50,9
ds11/781.png,135,0,170,19,9
ds11/781.png,82,0,112,15,9
ds11/781.png,92,12,124,43,9
ds11/781.png,89,49,119,82,9
ds11/781.png,69,27,98,55,9
ds11/781.png,45,41,76,71,9
ds11/781.png,22,12,53,45,9
ds11/781.png,51,2,83,34,9
ds11/781.png,17,125,51,160,9
ds11/782.png,0,187,13,219,9
ds11/782.png,23,212,58,248,9
ds11/782.png,78,180,116,220,9
ds11/782.png,107,143,143,181,9
ds11/782.png,139,94,175,128,9
ds11/782.png,140,0,173,13,9
ds11/782.png,176,89,188,121,9
ds11/782.png,96,43,127,76,9
ds11/782.png,73,66,104,99,9
ds11/782.png,67,36,94,66,9
ds11/783.png,15,0,45,20,9
ds11/783.png,46,0,75,29,9
ds11/783.png,75,0,107,30,9
ds11/783.png,108,0,136,38,9
ds11/783.png,139,0,171,31,9
ds11/783.png,169,60,188,90,9
ds11/783.png,127,26,160,59,9
ds11/783.png,103,50,138,83,9
ds11/783.png,137,56,170,87,9
ds11/783.png,123,82,154,110,9
ds11/783.png,116,110,145,137,9
ds11/783.png,153,100,185,137,9
ds11/783.png,174,134,188,168,9
ds11/783.png,139,137,172,170,9
ds11/783.png,117,154,151,188,9
ds11/783.png,114,187,147,219,9
ds11/783.png,96,208,127,238,9
ds11/783.png,116,228,152,250,9
ds11/783.png,93,168,119,198,9
ds11/783.png,79,102,113,134,9
ds11/783.png,65,129,99,163,9
ds11/783.png,41,153,71,181,9
ds11/783.png,26,175,55,211,9
ds11/783.png,18,209,51,242,9
ds11/783.png,0,187,22,219,9
ds11/783.png,0,217,20,249,9
ds11/783.png,59,203,92,229,9
ds11/783.png,72,225,102,250,9
ds11/783.png,38,232,72,250,9
ds11/783.png,62,172,93,203,9
ds11/784.png,19,78,55,112,9
ds11/784.png,5,106,36,137,9
ds11/784.png,19,192,50,224,9
ds11/784.png,66,141,101,172,9
ds11/784.png,57,169,91,203,9
ds11/784.png,77,194,113,225,9
ds11/784.png,90,162,123,195,9
ds11/784.png,123,174,151,204,9
ds11/784.png,153,183,186,213,9
ds11/784.png,169,220,188,249,9
ds11/784.png,137,149,168,179,9
ds11/784.png,163,131,188,159,9
ds11/784.png,168,159,188,188,9
ds11/784.png,135,124,159,151,9
ds11/784.png,151,94,183,127,9
ds11/784.png,138,68,170,97,9
ds11/784.png,142,33,173,67,9
ds11/784.png,162,10,186,43,9
ds11/784.png,89,61,121,94,9
ds11/784.png,116,86,144,116,9
ds11/784.png,89,97,117,129,9
ds11/784.png,63,93,88,121,9
ds11/784.png,58,62,88,93,9
ds11/785.png,2,118,33,156,9
ds11/785.png,14,7,44,39,9
ds11/785.png,20,37,54,68,9
ds11/785.png,25,101,57,134,9
ds11/785.png,43,57,78,93,9
ds11/785.png,57,29,92,64,9
ds11/785.png,112,142,144,176,9
ds11/785.png,129,64,161,96,9
ds11/785.png,137,221,174,250,9
ds11/785.png,149,82,186,115,9
ds11/785.png,151,47,182,79,9
ds11/785.png,178,206,188,235,9
ds11/785.png,85,113,117,145,9
ds11/785.png,59,130,90,160,9
ds11/785.png,52,98,89,130,9
ds11/785.png,32,0,63,23,9
ds11/785.png,89,0,118,22,9
ds11/785.png,106,10,138,39,9
ds11/785.png,124,30,156,62,9
ds11/785.png,98,47,131,84,9
ds11/786.png,101,43,134,77,9
ds11/786.png,109,75,144,107,9
ds11/786.png,113,175,148,207,9
ds11/786.png,117,14,149,47,9
ds11/786.png,119,0,155,15,9
ds11/786.png,140,164,175,196,9
ds11/786.png,144,72,170,100,9
ds11/786.png,145,132,179,165,9
ds11/786.png,147,194,183,230,9
ds11/786.png,170,12,188,48,9
ds11/787.png,22,179,58,213,9
ds11/787.png,57,82,94,119,9
ds11/787.png,133,142,167,174,9
ds11/787.png,110,153,138,189,9
ds11/788.png,44,82,79,118,9
ds11/788.png,52,223,85,250,9
ds11/788.png,160,43,188,85,9
ds11/788.png,30,0,62,21,9
ds11/788.png,135,104,167,135,9
ds11/788.png,116,128,150,159,9
ds11/788.png,129,158,158,189,9
ds11/788.png,151,140,183,173,9
ds11/788.png,154,171,184,200,9
ds11/789.png,17,146,54,185,9
ds11/789.png,18,185,53,214,9
ds11/789.png,17,69,54,105,9
ds11/789.png,28,44,63,74,9
ds11/789.png,40,95,76,130,9
ds11/789.png,42,200,81,238,9
ds11/789.png,107,214,142,250,9
ds11/789.png,131,57,165,89,9
ds11/789.png,136,230,168,250,9
ds11/789.png,160,64,188,100,9
ds11/789.png,163,219,188,250,9
ds11/789.png,0,153,17,185,9
ds11/790.png,0,234,23,250,9
ds11/790.png,0,101,27,137,9
ds11/790.png,32,54,64,80,9
ds11/790.png,35,184,67,216,9
ds11/790.png,56,202,90,235,9
ds11/790.png,57,167,88,199,9
ds11/790.png,102,97,139,130,9
ds11/790.png,108,68,141,97,9
ds11/790.png,130,110,166,146,9
ds11/790.png,174,70,188,103,9
ds11/790.png,53,7,83,38,9
ds11/790.png,24,0,63,17,9
ds11/790.png,0,3,31,34,9
ds11/790.png,25,20,61,52,9
ds11/790.png,153,167,184,201,9
ds11/790.png,11,129,45,159,9
ds11/790.png,31,150,64,182,9
ds11/790.png,2,169,38,206,9
ds11/791.png,0,187,13,217,9
ds11/791.png,29,42,63,75,9
ds11/791.png,131,57,166,91,9
ds11/791.png,160,64,188,100,9
ds11/791.png,161,219,188,250,9
ds11/791.png,18,72,51,102,9
ds11/791.png,40,97,72,129,9
ds11/791.png,16,146,52,184,9
ds11/791.png,18,186,48,214,9
ds11/791.png,40,202,81,237,9
ds11/791.png,0,152,16,185,9
ds11/791.png,108,215,141,248,9
ds11/791.png,135,231,166,250,9
ds11/792.png,3,39,31,68,9
ds11/792.png,58,153,94,188,9
ds11/792.png,82,41,119,76,9
ds11/792.png,102,238,131,250,9
ds11/792.png,138,74,169,106,9
ds11/792.png,145,105,178,137,9
ds11/792.png,161,82,186,114,9
ds11/793.png,82,81,114,112,9
ds11/793.png,89,110,117,140,9
ds11/793.png,74,164,108,196,9
ds11/793.png,89,195,122,225,9
ds11/794.png,11,12,45,43,9
ds11/794.png,29,0,61,21,9
ds11/794.png,0,0,25,21,9
ds11/794.png,65,58,96,89,9
ds11/794.png,77,90,108,118,9
ds11/794.png,108,90,138,125,9
ds11/794.png,101,125,137,159,9
ds11/794.png,169,100,188,131,9
ds11/794.png,173,51,188,85,9
ds11/794.png,145,46,173,73,9
ds11/794.png,120,58,153,93,9
ds11/794.png,138,188,166,216,9
ds11/794.png,108,178,138,209,9
ds11/794.png,82,162,113,192,9
ds11/794.png,56,155,81,186,9
ds11/794.png,73,124,101,158,9
ds11/794.png,24,146,56,179,9
ds11/794.png,28,116,58,148,9
ds11/794.png,53,102,80,131,9
ds11/794.png,35,76,67,109,9
ds11/794.png,6,88,37,119,9
ds11/794.png,0,200,32,232,9
ds11/795.png,168,10,188,47,9
ds11/795.png,120,0,155,19,9
ds11/795.png,117,16,149,47,9
ds11/795.png,101,45,131,76,9
ds11/795.png,142,72,170,100,9
ds11/795.png,109,75,143,107,9
ds11/795.png,146,132,178,166,9
ds11/795.png,141,166,173,196,9
ds11/795.png,112,176,145,207,9
ds11/795.png,148,194,180,230,9
ds11/796.png,97,142,138,184,9
ds11/796.png,103,0,140,33,9
ds11/796.png,132,222,166,250,9
ds11/796.png,137,104,171,137,9
ds11/796.png,148,195,180,228,9
ds11/796.png,151,160,188,196,9
ds11/796.png,37,134,62,164,9
ds11/796.png,19,157,49,192,9
ds11/796.png,6,131,37,163,9
ds11/797.png,56,26,88,58,9
ds11/797.png,92,156,127,190,9
ds11/797.png,59,108,94,146,9
ds11/797.png,26,101,59,134,9
ds11/797.png,1,117,28,152,9
ds11/798.png,21,179,58,214,9
ds11/798.png,51,77,95,121,9
ds11/798.png,108,156,139,188,9
ds11/798.png,132,142,167,174,9
ds11/799.png,123,5,158,38,9
ds11/799.png,112,119,146,154,9
ds11/799.png,91,141,121,171,9
ds11/799.png,60,148,92,180,9
ds11/799.png,48,176,83,211,9
ds11/799.png,34,208,66,241,9
ds11/799.png,1,210,33,243,9
ds11/799.png,3,140,37,175,9
ds11/799.png,58,227,91,250,9
ds11/799.png,50,93,82,122,9
ds11/799.png,18,96,49,127,9
ds11/799.png,0,85,19,117,9
ds11/799.png,0,35,12,67,9
ds11/799.png,65,26,95,59,9
ds11/799.png,37,8,70,42,9
ds11/799.png,25,0,54,18,9
ds11/800.png,2,37,30,68,9
ds11/800.png,58,153,94,188,9
ds11/800.png,82,42,117,75,9
ds11/800.png,98,236,133,250,9
ds11/800.png,140,75,167,106,9
ds11/800.png,166,83,188,116,9
ds11/800.png,147,106,175,136,9
ds11/801.png,10,12,45,43,9
ds11/801.png,1,0,23,21,9
ds11/801.png,27,0,62,23,9
ds11/801.png,6,88,36,120,9
ds11/801.png,34,75,68,109,9
ds11/801.png,65,58,96,90,9
ds11/801.png,76,87,109,119,9
ds11/801.png,108,91,138,126,9
ds11/801.png,102,125,137,159,9
ds11/801.png,170,102,187,129,9
ds11/801.png,147,47,175,74,9
ds11/801.png,118,58,152,95,9
ds11/801.png,172,51,185,85,9
ds11/801.png,137,188,164,216,9
ds11/801.png,109,180,139,210,9
ds11/801.png,82,164,114,193,9
ds11/801.png,73,126,101,158,9
ds11/801.png,53,158,82,186,9
ds11/801.png,27,117,58,149,9
ds11/801.png,0,202,33,234,9
ds11/801.png,24,148,54,181,9
ds11/801.png,52,101,80,130,9
ds11/802.png,162,9,187,42,9
ds11/802.png,141,34,172,69,9
ds11/802.png,140,70,171,97,9
ds11/802.png,152,94,182,129,9
ds11/802.png,135,123,159,150,9
ds11/802.png,138,150,170,179,9
ds11/802.png,163,130,188,160,9
ds11/802.png,172,160,188,189,9
ds11/802.png,153,184,185,213,9
ds11/802.png,170,218,186,250,9
ds11/802.png,20,192,50,223,9
ds11/802.png,79,194,113,226,9
ds11/802.png,57,168,92,201,9
ds11/802.png,66,138,99,171,9
ds11/802.png,89,162,122,195,9
ds11/802.png,123,175,152,205,9
ds11/802.png,57,61,89,93,9
ds11/802.png,64,93,89,121,9
ds11/802.png,90,95,119,131,9
ds11/802.png,116,84,141,117,9
ds11/802.png,88,62,122,95,9
ds11/802.png,19,79,53,110,9
ds11/802.png,6,106,38,140,9
ds11/803.png,3,222,34,249,9
ds11/803.png,0,194,27,223,9
ds11/803.png,32,146,66,180,9
ds11/803.png,49,120,78,153,9
ds11/803.png,65,145,98,176,9
ds11/803.png,111,154,143,192,9
ds11/803.png,132,141,163,170,9
ds11/803.png,121,116,149,146,9
ds11/803.png,142,96,172,131,9
ds11/803.png,126,73,157,104,9
ds11/803.png,100,93,135,126,9
ds11/803.png,101,60,131,93,9
ds11/803.png,75,38,112,73,9
ds11/803.png,43,42,77,76,9
ds11/803.png,41,76,74,110,9
ds11/803.png,73,73,104,104,9
ds11/803.png,0,94,30,125,9
ds11/803.png,0,58,30,92,9
ds11/803.png,102,214,136,248,9
ds11/804.png,56,24,88,58,9
ds11/804.png,92,156,129,191,9
ds11/804.png,57,109,92,146,9
ds11/804.png,27,100,58,135,9
ds11/804.png,0,114,30,151,9
ds11/805.png,0,66,14,96,9
ds11/805.png,12,0,40,14,9
ds11/805.png,69,0,103,21,9
ds11/805.png,74,170,113,229,9
ds11/805.png,122,4,152,36,9
ds11/805.png,147,82,181,114,9
ds11/805.png,134,111,165,142,9
ds11/805.png,100,119,135,154,9
ds11/805.png,80,170,113,200,9
ds11/805.png,73,201,105,229,9
ds11/805.png,148,196,177,226,9
ds11/806.png,0,49,24,84,9
ds11/806.png,0,190,30,224,9
ds11/806.png,106,12,144,50,9
ds11/806.png,80,70,112,100,9
ds11/806.png,60,94,95,124,9
ds11/806.png,72,123,104,154,9
ds11/806.png,102,137,130,164,9
ds11/806.png,125,120,156,152,9
ds11/806.png,99,107,130,136,9
ds11/807.png,15,0,45,17,9
ds11/807.png,44,0,73,24,9
ds11/807.png,77,0,106,27,9
ds11/807.png,107,0,137,29,9
ds11/807.png,139,0,169,24,9
ds11/807.png,126,25,160,58,9
ds11/807.png,103,51,138,83,9
ds11/807.png,139,57,169,86,9
ds11/807.png,122,81,153,109,9
ds11/807.png,116,109,146,137,9
ds11/807.png,82,102,114,132,9
ds11/807.png,169,60,188,89,9
ds11/807.png,154,103,185,137,9
ds11/807.png,141,136,173,170,9
ds11/807.png,172,136,188,166,9
ds11/807.png,65,130,101,163,9
ds11/807.png,42,152,71,182,9
ds11/807.png,60,174,93,203,9
ds11/807.png,60,203,91,230,9
ds11/807.png,71,225,102,250,9
ds11/807.png,97,208,127,238,9
ds11/807.png,118,229,153,250,9
ds11/807.png,114,187,148,218,9
ds11/807.png,92,167,120,198,9
ds11/807.png,118,155,151,189,9
ds11/807.png,27,177,55,211,9
ds11/807.png,16,210,50,241,9
ds11/807.png,0,186,17,218,9
ds11/808.png,146,52,179,84,9
ds11/808.png,111,52,144,85,9
ds11/808.png,85,41,111,66,9
ds11/808.png,109,23,139,54,9
ds11/808.png,136,14,166,46,9
ds11/808.png,100,0,133,25,9
ds11/808.png,70,0,101,19,9
ds11/808.png,61,13,94,48,9
ds11/808.png,32,7,62,38,9
ds11/809.png,82,81,114,111,9
ds11/809.png,90,109,118,139,9
ds11/809.png,75,165,107,197,9
ds11/809.png,91,193,122,225,9
ds11/810.png,84,113,172,246,10
ds11/811.png,83,137,173,245,10
ds11/811.png,152,53,188,146,10
ds11/812.png,77,139,174,249,10
ds11/813.png,33,119,164,241,10
ds11/814.png,60,124,177,239,10
ds11/815.png,52,128,182,248,10
ds11/816.png,61,138,176,240,10
ds11/817.png,70,135,179,250,10
ds11/817.png,0,0,100,104,10
ds11/818.png,62,123,172,248,10
ds11/819.png,56,100,181,249,10
ds11/819.png,137,0,188,57,10
ds11/820.png,53,111,173,242,10
ds11/821.png,7,105,188,250,10
ds11/822.png,60,0,163,36,10
ds11/822.png,0,0,59,101,10
ds11/822.png,60,126,178,247,10
ds11/823.png,56,123,175,242,10
ds11/824.png,52,106,188,250,10
ds11/825.png,55,105,184,240,10
ds11/826.png,58,128,180,245,10
ds11/827.png,51,127,170,240,10
ds11/827.png,22,1,120,95,10
ds11/828.png,11,0,139,122,10
ds11/828.png,45,118,173,245,10
ds11/829.png,41,125,188,243,10
ds11/830.png,52,125,168,250,10
ds11/831.png,65,129,174,247,10
ds11/832.png,63,157,174,244,10
ds11/833.png,48,120,179,245,10
ds11/834.png,64,141,180,248,10
ds11/835.png,89,152,179,247,10
ds11/836.png,77,136,178,240,10
ds11/837.png,0,50,71,171,10
ds11/837.png,60,122,159,241,10
ds11/838.png,70,136,183,246,10
ds11/839.png,55,129,180,242,10
ds11/840.png,0,0,51,88,10
ds11/840.png,51,148,184,246,10
ds11/841.png,52,113,174,244,10
ds11/842.png,66,136,180,242,10
ds11/843.png,81,144,173,234,10
ds11/844.png,41,125,185,250,10
ds11/845.png,53,128,182,250,10
ds11/846.png,75,132,177,244,10
ds11/847.png,87,141,180,245,10
ds11/848.png,143,0,188,98,10
ds11/848.png,49,137,170,243,10
ds11/849.png,69,120,177,248,10
ds11/849.png,0,24,97,147,10
ds11/850.png,63,114,181,240,10
ds11/851.png,81,126,175,246,10
ds11/852.png,62,145,173,248,10
ds11/853.png,57,124,181,250,10
ds11/854.png,74,115,177,245,10
ds11/855.png,52,127,175,250,10
ds11/856.png,44,119,175,247,10
ds11/857.png,50,137,171,250,10
ds11/857.png,54,0,166,83,10
ds11/858.png,64,143,177,244,10
ds11/858.png,166,23,188,131,10
ds11/859.png,79,132,175,246,10
ds11/860.png,51,137,181,250,10
ds11/860.png,88,0,188,120,10
ds11/861.png,41,89,184,246,10
ds11/862.png,62,136,179,245,10
ds11/863.png,138,58,188,124,10
ds11/863.png,29,111,164,240,10
ds11/864.png,58,80,188,250,10
ds11/865.png,0,146,62,237,10
ds11/865.png,51,123,173,245,10
ds11/866.png,43,136,170,250,10
ds11/867.png,70,112,169,243,10
ds11/868.png,53,127,170,242,10
ds11/869.png,51,160,172,241,10
ds11/870.png,66,130,178,242,10
ds11/871.png,40,120,183,250,10
ds11/872.png,73,105,170,248,10
ds11/873.png,16,109,157,237,10
ds11/874.png,63,149,181,244,10
ds11/875.png,75,134,173,243,10
ds11/876.png,0,0,145,86,10
ds11/876.png,45,115,182,250,10
ds11/877.png,66,129,173,245,10
ds11/878.png,63,116,174,230,10
ds11/879.png,0,0,82,49,10
ds11/879.png,67,141,181,249,10
ds11/880.png,61,140,170,244,10
ds11/881.png,0,91,59,192,10
ds11/881.png,65,139,173,248,10
ds11/882.png,79,158,172,237,10
ds11/883.png,53,108,171,240,10
ds11/884.png,50,146,176,240,10
ds11/885.png,72,162,161,232,10
ds11/886.png,69,142,174,248,10
ds11/887.png,67,154,185,242,10
ds11/888.png,58,123,185,250,10
ds11/889.png,53,134,178,239,10
ds11/890.png,84,1,187,104,10
ds11/890.png,54,126,180,242,10
ds11/891.png,57,112,182,244,10
ds11/891.png,1,148,53,242,10
ds11/892.png,69,140,174,233,10
ds11/893.png,55,141,182,241,10
ds11/894.png,56,126,180,247,10
ds11/895.png,70,120,170,239,10
ds11/896.png,62,128,180,248,10
ds11/897.png,47,126,173,246,10
ds11/898.png,50,144,166,243,10
ds11/899.png,64,150,167,242,10
ds11/900.png,58,15,169,112,10
ds11/900.png,59,142,170,246,10
ds11/901.png,41,100,171,240,10
ds11/902.png,55,127,172,245,10
ds11/903.png,23,108,179,244,10
ds11/904.png,46,121,183,250,10
ds11/905.png,16,114,184,250,10
ds11/906.png,70,116,182,250,10
ds11/907.png,26,99,173,246,10
ds11/908.png,42,105,183,244,10
ds11/909.png,76,113,177,249,10
ds11/910.png,86,7,116,40,2
ds11/910.png,28,21,62,51,2
ds11/910.png,105,33,126,73,2
ds11/910.png,95,157,120,190,2
ds11/910.png,62,165,92,197,2
ds11/910.png,115,175,150,201,2
ds11/911.png,85,138,113,171,2
ds11/911.png,134,219,160,250,2
ds11/911.png,143,45,182,74,2
ds11/911.png,126,84,164,106,2
ds11/911.png,138,106,170,129,2
ds11/911.png,165,76,188,111,2
ds11/912.png,74,4,111,29,2
ds11/912.png,98,28,120,62,2
ds11/912.png,106,51,137,84,2
ds11/912.png,82,74,118,107,2
ds11/912.png,62,78,92,114,2
ds11/912.png,26,73,61,102,2
ds11/912.png,11,26,32,64,2
ds11/912.png,56,40,94,64,2
ds11/912.png,36,6,68,40,2
ds11/912.png,156,92,182,135,2
ds11/913.png,144,6,170,42,2
ds11/913.png,116,13,150,44,2
ds11/913.png,104,45,129,81,2
ds11/913.png,57,66,80,103,2
ds11/913.png,48,104,87,127,2
ds11/913.png,21,155,42,192,2
ds11/913.png,36,147,67,178,2
ds11/913.png,90,188,114,227,2
ds11/913.png,5,106,41,130,2
ds11/914.png,0,101,26,134,2
ds11/914.png,0,133,18,160,2
ds11/914.png,0,203,24,234,2
ds11/914.png,62,220,87,250,2
ds11/914.png,110,113,139,152,2
ds11/914.png,11,35,52,69,2
ds11/914.png,39,76,65,113,2
ds11/914.png,63,81,84,116,2
ds11/914.png,2,155,24,189,2
ds11/914.png,10,181,41,215,2
ds11/915.png,65,13,92,54,2
ds11/915.png,93,51,129,79,2
ds11/915.png,45,137,72,170,2
ds11/915.png,7,207,40,230,2
ds11/915.png,119,200,152,232,2
ds11/915.png,147,209,184,233,2
ds11/916.png,105,51,136,84,2
ds11/916.png,100,27,119,63,2
ds11/916.png,75,4,111,29,2
ds11/916.png,37,6,70,37,2
ds11/916.png,11,24,32,64,2
ds11/916.png,26,72,61,100,2
ds11/916.png,37,36,64,75,2
ds11/916.png,55,40,94,64,2
ds11/916.png,82,73,115,107,2
ds11/916.png,60,75,89,113,2
ds11/916.png,156,92,182,135,2
ds11/917.png,28,51,56,88,2
ds11/917.png,7,135,32,174,2
ds11/918.png,144,79,179,108,2
ds11/918.png,161,0,188,28,2
ds11/918.png,22,54,54,88,2
ds11/918.png,44,82,65,123,2
ds11/918.png,56,222,90,247,2
ds11/918.png,33,204,59,239,2
ds11/918.png,1,213,31,246,2
ds11/918.png,141,151,171,190,2
ds11/920.png,58,89,81,128,2
ds11/920.png,104,180,128,217,2
ds11/922.png,84,2,107,41,2
ds11/923.png,147,204,181,228,2
ds11/923.png,114,198,147,227,2
ds11/924.png,93,53,131,79,2
ds11/924.png,66,14,93,54,2
ds11/924.png,120,198,152,231,2
ds11/924.png,151,210,184,235,2
ds11/924.png,8,207,42,232,2
ds11/924.png,42,135,74,174,2
ds11/925.png,98,183,128,228,2
ds11/926.png,6,0,45,10,2
ds11/926.png,85,0,115,43,2
ds11/927.png,59,105,86,148,2
ds11/927.png,36,128,71,164,2
ds11/928.png,25,56,55,90,2
ds11/928.png,45,82,65,121,2
ds11/928.png,158,0,187,30,2
ds11/928.png,144,79,179,109,2
ds11/928.png,146,149,169,187,2
ds11/928.png,56,222,91,249,2
ds11/928.png,34,204,59,238,2
ds11/928.png,2,213,34,245,2
ds11/929.png,121,154,154,191,2
ds11/929.png,149,165,185,189,2
ds11/929.png,61,194,97,223,2
ds11/929.png,42,93,73,131,2
ds11/929.png,6,165,41,191,2
ds11/930.png,83,165,116,194,2
ds11/930.png,129,149,165,176,2
ds11/931.png,117,13,153,43,2
ds11/931.png,105,45,127,82,2
ds11/931.png,91,187,117,230,2
ds11/931.png,49,106,86,131,2
ds11/931.png,59,64,80,104,2
ds11/931.png,4,106,43,132,2
ds11/931.png,36,147,66,178,2
ds11/931.png,20,156,45,194,2
ds11/932.png,7,144,41,169,2
ds11/932.png,116,8,149,45,2
ds11/932.png,109,42,135,80,2
ds11/933.png,93,96,123,122,2
ds11/933.png,136,77,173,105,2
ds11/934.png,60,85,86,125,2
ds11/934.png,107,175,134,214,2
ds11/935.png,101,35,135,58,2
ds11/935.png,62,27,100,58,2
ds11/935.png,4,109,40,136,2
ds11/935.png,150,62,187,91,2
ds11/935.png,116,123,153,148,2
ds11/935.png,154,125,182,152,2
ds11/935.png,133,134,162,163,2
ds11/935.png,69,132,104,158,2
ds11/935.png,85,176,115,204,2
ds11/935.png,23,138,57,170,2
ds11/935.png,24,163,48,199,2
ds11/935.png,126,195,153,226,2
ds11/935.png,151,207,171,246,2
ds11/936.png,127,11,148,50,2
ds11/936.png,173,0,187,34,2
ds11/936.png,116,51,157,75,2
ds11/936.png,75,52,110,78,2
ds11/936.png,88,103,111,143,2
ds11/936.png,103,92,133,124,2
ds11/936.png,158,135,181,173,2
ds11/936.png,4,176,38,202,2
ds11/936.png,6,99,42,120,2
ds11/936.png,80,31,105,53,2
ds11/937.png,71,66,113,90,2
ds11/938.png,60,109,87,147,2
ds11/938.png,36,127,71,160,2
ds11/939.png,105,184,129,223,2
ds11/940.png,116,174,152,201,2
ds11/940.png,94,155,116,190,2
ds11/940.png,62,165,91,196,2
ds11/940.png,103,34,125,75,2
ds11/940.png,83,8,115,42,2
ds11/940.png,27,23,64,50,2
ds11/941.png,127,175,163,203,2
ds11/942.png,92,28,126,59,2
ds11/942.png,145,99,179,121,2
ds11/942.png,71,112,106,135,2
ds11/942.png,24,207,59,234,2
ds11/942.png,0,198,23,232,2
ds11/942.png,135,176,177,206,2
ds11/942.png,75,192,110,226,2
ds11/943.png,0,0,188,250,2
ds11/943.png,114,2,147,34,2
ds11/943.png,111,166,133,204,2
ds11/943.png,104,151,139,175,2
ds11/943.png,37,147,73,177,2
ds11/943.png,0,163,24,195,2
ds11/944.png,7,5,36,34,2
ds11/944.png,4,35,30,61,2
ds11/944.png,0,51,16,82,2
ds11/944.png,6,73,31,107,2
ds11/944.png,57,54,80,89,2
ds11/944.png,35,58,60,89,2
ds11/944.png,65,75,91,108,2
ds11/944.png,51,98,71,134,2
ds11/944.png,103,88,139,118,2
ds11/944.png,103,116,140,139,2
ds11/944.png,154,135,174,166,2
ds11/944.png,99,141,131,159,2
ds11/944.png,126,135,155,167,2
ds11/944.png,73,155,112,184,2
ds11/944.png,58,133,87,153,2
ds11/944.png,31,142,65,161,2
ds11/944.png,40,162,66,191,2
ds11/944.png,29,187,62,218,2
ds11/944.png,3,208,26,245,2
ds11/944.png,32,219,60,250,2
ds11/944.png,50,222,86,246,2
ds11/944.png,69,189,102,208,2
ds11/944.png,94,209,112,243,2
ds11/945.png,152,210,177,249,2
ds11/945.png,152,77,178,111,2
ds11/945.png,114,81,146,106,2
ds11/945.png,120,23,157,51,2
ds11/945.png,155,8,187,40,2
ds11/945.png,141,53,165,88,2
ds11/945.png,61,114,90,150,2
ds11/946.png,116,182,147,213,2
ds11/946.png,147,187,182,213,2
ds11/947.png,151,209,172,244,2
ds11/947.png,123,194,150,226,2
ds11/947.png,132,129,161,163,2
ds11/947.png,153,128,181,151,2
ds11/947.png,151,62,187,91,2
ds11/947.png,100,35,133,59,2
ds11/947.png,65,27,99,61,2
ds11/947.png,5,108,37,135,2
ds11/947.png,23,138,57,167,2
ds11/947.png,22,163,48,200,2
ds11/947.png,66,130,104,157,2
ds11/947.png,83,176,112,204,2
ds11/948.png,24,14,57,50,2
ds11/948.png,21,180,45,217,2
ds11/949.png,87,1,121,31,2
ds11/949.png,64,83,104,106,2
ds11/949.png,139,69,175,92,2
ds11/949.png,137,151,172,174,2
ds11/949.png,71,164,73,166,2
ds11/949.png,73,164,104,193,2
ds11/949.png,23,179,57,206,2
ds11/949.png,0,174,24,207,2
ds11/950.png,154,133,176,168,2
ds11/950.png,128,130,152,166,2
ds11/950.png,75,150,112,183,2
ds11/950.png,69,186,111,210,2
ds11/950.png,94,208,113,243,2
ds11/950.png,106,88,140,121,2
ds11/950.png,69,73,92,109,2
ds11/950.png,36,57,68,89,2
ds11/950.png,7,73,33,107,2
ds11/950.png,8,6,42,37,2
ds11/950.png,0,56,19,84,2
ds11/950.png,31,141,68,162,2
ds11/950.png,53,97,72,134,2
ds11/950.png,59,133,86,149,2
ds11/950.png,41,162,68,192,2
ds11/950.png,31,187,64,218,2
ds11/950.png,5,207,26,248,2
ds11/950.png,49,222,88,245,2
ds11/950.png,104,233,129,250,2
ds11/951.png,127,135,163,164,2
ds11/951.png,11,150,24,162,2
ds11/952.png,4,114,40,147,2
ds11/953.png,25,51,53,88,2
ds11/953.png,51,99,73,134,2
ds11/953.png,23,103,53,138,2
ds11/953.png,9,135,31,175,2
ds11/954.png,127,51,153,89,2
ds11/955.png,66,134,115,173,2
ds11/956.png,90,0,123,32,2
ds11/956.png,67,85,105,107,2
ds11/956.png,140,72,176,95,2
ds11/956.png,138,151,173,174,2
ds11/956.png,77,163,107,194,2
ds11/956.png,25,180,58,208,2
ds11/956.png,0,174,24,207,2
ds11/957.png,141,178,164,217,2
ds11/958.png,115,165,146,195,2
ds11/958.png,101,195,125,234,2
ds11/958.png,56,215,77,250,2
ds11/958.png,117,110,148,149,2
ds11/959.png,91,95,124,126,2
ds11/959.png,138,79,174,107,2
ds11/960.png,127,137,163,167,2
ds11/961.png,64,79,87,116,2
ds11/961.png,63,220,85,250,2
ds11/961.png,10,181,39,213,2
ds11/961.png,0,205,21,234,2
ds11/961.png,1,155,22,190,2
ds11/961.png,0,103,25,131,2
ds11/961.png,11,37,49,68,2
ds11/961.png,12,62,51,84,2
ds11/961.png,37,80,65,113,2
ds11/961.png,9,86,37,107,2
ds11/961.png,109,114,137,151,2
ds11/962.png,119,11,151,47,2
ds11/962.png,111,43,137,82,2
ds11/962.png,9,145,42,169,2
ds11/963.png,127,12,149,50,2
ds11/963.png,118,53,155,74,2
ds11/963.png,82,29,104,53,2
ds11/963.png,75,54,108,79,2
ds11/963.png,103,92,134,124,2
ds11/963.png,89,103,111,141,2
ds11/963.png,8,98,41,121,2
ds11/963.png,4,178,37,200,2
ds11/963.png,153,132,183,176,2
ds11/965.png,71,145,109,169,2
ds11/966.png,92,27,126,60,2
ds11/966.png,144,99,181,123,2
ds11/966.png,139,181,176,203,2
ds11/966.png,71,111,106,135,2
ds11/966.png,76,189,106,222,2
ds11/966.png,25,205,59,235,2
ds11/966.png,0,199,27,233,2
ds11/967.png,86,4,125,32,2
ds11/967.png,2,163,39,184,2
ds11/967.png,56,189,93,219,2
ds11/967.png,114,153,148,186,2
ds11/967.png,149,160,183,187,2
ds11/968.png,67,66,112,90,2
ds11/969.png,18,101,43,139,2
ds11/478.png,65,182,101,218,5
ds11/478.png,41,209,74,241,5
ds11/603.png,117,189,174,247,7
ds11/612.png,119,192,177,248,7
ds11/712.png,91,76,127,110,8
ds11/712.png,93,108,130,141,8
ds11/919.png,104,133,128,175,2
ds11/921.png,129,54,153,92,2
ds11/964.png,145,177,167,219,2
