,Unix,Samples,Time,Sampling,Data,Cluster
0,1556891503.710903,16384,340,48188.23529411764,1620.395579840988,1
1,1556891504.096714,16384,341,48046.92082111436,3240.7879418693483,1
2,1556891504.478334,16384,340,48188.23529411764,4861.172131821513,1
3,1556891504.8705099,16384,340,48188.23529411764,6481.582562159747,1
4,1556891505.2455866,16384,341,48046.92082111436,8101.968208886683,1
5,1556891505.616323,16384,340,48188.23529411764,9722.353987768292,1
6,1556891505.98996,16384,340,48188.23529411764,11342.734342161566,1
7,1556891506.3669171,16384,341,48046.92082111436,12963.133825175464,1
8,1556891506.7508562,16384,340,48188.23529411764,14583.52599972859,1
9,1556891507.136589,16384,341,48046.92082111436,16203.918576892465,1
10,1556891507.5154738,16384,341,48046.92082111436,17824.30740762502,1
11,1556891507.9139712,16384,340,48188.23529411764,19444.724756106734,1
12,1556891508.3086462,16384,341,48046.92082111436,21065.144357364625,1
13,1556891508.708538,16384,340,48188.23529411764,22685.54110508412,1
14,1556891509.10131,16384,340,48188.23529411764,24305.940729472786,1
15,1556891509.497129,16384,341,48046.92082111436,25926.343719195575,1
16,1556891509.8943288,16384,340,48188.23529411764,27546.725717838854,1
17,1556891510.296602,16384,340,48188.23529411764,29167.102439515293,1
18,1556891510.694325,16384,341,48046.92082111436,30787.50401241705,1
19,1556891511.0930636,16384,340,48188.23529411764,32407.893980294466,1
20,1556891511.4881668,16384,341,48046.92082111436,34028.28030316159,1
21,1556891511.885602,16384,341,48046.92082111436,35648.6772660166,1
22,1556891512.279848,16384,340,48188.23529411764,37269.07039638609,1
23,1556891512.6896694,16384,341,48046.92082111436,38889.49249321595,1
24,1556891513.0756214,16384,340,48188.23529411764,40509.88961895928,1
25,1556891513.4714546,16384,340,48188.23529411764,42130.30269546434,1
26,1556891513.8670678,16384,341,48046.92082111436,43750.70656109601,1
27,1556891514.2635949,16384,340,48188.23529411764,45371.111815888435,1
28,1556891514.660681,16384,340,48188.23529411764,46991.495815292,1
29,1556891515.057456,16384,341,48046.92082111436,48611.89298098907,1
30,1556891515.447499,16384,340,48188.23529411764,50232.31826489791,1
31,1556891515.8445492,16384,340,48188.23529411764,51852.726377919316,1
32,1556891516.243856,16384,341,48046.92082111436,53473.1487759389,1
33,1556891516.6396954,16384,340,48188.23529411764,55093.544116057456,1
34,1556891517.0402794,16384,341,48046.92082111436,56713.94085763022,1
35,1556891517.4316401,16384,340,48188.23529411764,58334.33068720624,1
36,1556891517.8305109,16384,340,48188.23529411764,59954.74428003654,1
37,1556891518.2295551,16384,341,48046.92082111436,61575.16986206174,1
38,1556891518.6280868,16384,340,48188.23529411764,63195.576466061175,1
39,1556891519.0519881,16384,340,48188.23529411764,64815.99657749757,1
40,1556891519.450918,16384,341,48046.92082111436,66436.43798427656,1
41,1556891519.832543,16384,340,48188.23529411764,68056.86243223026,1
42,1556891520.221281,16384,340,48188.23529411764,69677.28097010404,1
43,1556891520.6182456,16384,341,48046.92082111436,71297.67449079081,1
44,1556891521.012456,16384,340,48188.23529411764,72918.08130377904,1
45,1556891521.406899,16384,340,48188.23529411764,74538.49854776636,1
46,1556891521.7990189,16384,341,48046.92082111436,76158.92990157008,1
47,1556891522.1918552,16384,340,48188.23529411764,77779.36150124297,1
48,1556891522.594023,16384,340,48188.23529411764,79399.76488128304,1
49,1556891522.989047,16384,341,48046.92082111436,81020.16312265769,1
50,1556891523.385548,16384,340,48188.23529411764,82640.57164443657,1
51,1556891523.7834082,16384,341,48046.92082111436,84260.9902376309,1
52,1556891524.176877,16384,340,48188.23529411764,85881.4023245126,1
53,1556891524.573428,16384,340,48188.23529411764,87501.7936969176,1
54,1556891524.969318,16384,341,48046.92082111436,89122.18217113987,1
55,1556891525.364227,16384,340,48188.23529411764,90742.59501099586,1
56,1556891525.759615,16384,340,48188.23529411764,92363.00249090418,1
57,1556891526.157881,16384,341,48046.92082111436,93983.41504186392,1
58,1556891526.5561204,16384,340,48188.23529411764,95603.82217140868,1
59,1556891526.9577012,16384,341,48046.92082111436,97224.23605620861,1
60,1556891527.351691,16384,341,48046.92082111436,98844.63509051129,1
61,1556891527.745743,16384,340,48188.23529411764,100465.03052897751,1
62,1556891528.139703,16384,341,48046.92082111436,102085.44265581295,1
63,1556891528.53907,16384,340,48188.23529411764,103705.8613780886,1
64,1556891528.93712,16384,340,48188.23529411764,105326.28184910864,1
65,1556891529.33291,16384,341,48046.92082111436,106946.6763225384,1
66,1556891529.72854,16384,340,48188.23529411764,108567.08283126354,1
67,1556891530.127219,16384,340,48188.23529411764,110187.49584322795,1
68,1556891530.520582,16384,341,48046.92082111436,111807.91550595313,1
69,1556891530.915294,16384,340,48188.23529411764,113428.32123711705,1
70,1556891531.3160806,16384,340,48188.23529411764,115048.72642122209,1
71,1556891531.709262,16384,341,48046.92082111436,116669.13551772013,1
72,1556891532.1057858,16384,340,48188.23529411764,118289.56596180797,1
73,1556891532.506733,16384,341,48046.92082111436,119909.98868560418,1
74,1556891532.901658,16384,341,48046.92082111436,121530.39676789194,1
75,1556891533.299434,16384,340,48188.23529411764,123150.8211758919,1
76,1556891533.71042,16384,341,48046.92082111436,124771.24014096335,1
77,1556891534.092915,16384,340,48188.23529411764,126391.68270640075,1
78,1556891534.487434,16384,340,48188.23529411764,128012.08966076374,1
79,1556891534.882402,16384,341,48046.92082111436,129632.50329662114,1
80,1556891535.2796938,16384,340,48188.23529411764,131252.93029854074,1
81,1556891535.6750472,16384,340,48188.23529411764,132873.3441894874,1
82,1556891536.07205,16384,341,48046.92082111436,134493.77070888877,1
83,1556891536.470032,16384,340,48188.23529411764,136114.2081387341,1
84,1556891536.8693302,16384,340,48188.23529411764,137734.60473585874,1
85,1556891537.2673438,16384,341,48046.92082111436,139355.0294389017,1
86,1556891537.663206,16384,340,48188.23529411764,140975.46566398814,1
87,1556891538.058651,16384,341,48046.92082111436,142595.86906861514,1
88,1556891538.4538882,16384,340,48188.23529411764,144216.30564406514,1
89,1556891538.852798,16384,340,48188.23529411764,145836.73718227074,1
90,1556891539.245599,16384,341,48046.92082111436,147457.14190229774,1
91,1556891539.641707,16384,340,48188.23529411764,149077.56386697292,1
92,1556891540.0378492,16384,340,48188.23529411764,150697.98651393503,1
93,1556891540.4402108,16384,341,48046.92082111436,152318.3942919597,1
94,1556891540.8376489,16384,340,48188.23529411764,153938.82632805035,1
95,1556891541.236346,16384,340,48188.23529411764,155559.2309220694,1
96,1556891541.6305141,16384,341,48046.92082111436,157179.65036351234,1
97,1556891542.02597,16384,340,48188.23529411764,158800.06616916507,1
98,1556891542.4201279,16384,341,48046.92082111436,160420.49340773374,1
99,1556891542.8400152,16384,340,48188.23529411764,162040.91771738604,1
100,1556891543.227329,16384,340,48188.23529411764,163661.34156603366,1
101,1556891543.612351,16384,341,48046.92082111436,165281.7548699677,1
102,1556891544.008375,16384,340,48188.23529411764,166902.16262340546,1
103,1556891544.4087956,16384,340,48188.23529411764,168522.58870024234,1
104,1556891544.803374,16384,341,48046.92082111436,170143.02468560636,1
105,1556891545.202821,16384,340,48188.23529411764,171763.44904750586,1
106,1556891545.5947034,16384,340,48188.23529411764,173383.86746551841,1
107,1556891545.9882612,16384,341,48046.92082111436,175004.28021624684,1
108,1556891546.384226,16384,340,48188.23529411764,176624.70252513885,1
109,1556891546.7825322,16384,340,48188.23529411764,178245.11825088412,1
110,1556891547.1816108,16384,341,48046.92082111436,179865.55365230888,1
111,1556891547.580674,16384,340,48188.23529411764,181485.97534345463,1
112,1556891547.9735072,16384,341,48046.92082111436,183106.42514666542,1
113,1556891548.369292,16384,340,48188.23529411764,184726.84425925836,1
114,1556891548.768787,16384,340,48188.23529411764,186347.27587429807,1
115,1556891549.162169,16384,341,48046.92082111436,187967.69991656765,1
116,1556891549.5616632,16384,340,48188.23529411764,189588.1209069863,1
117,1556891549.9568794,16384,340,48188.23529411764,191208.54686703533,1
118,1556891550.355005,16384,341,48046.92082111436,192828.97083554417,1
119,1556891550.7511911,16384,340,48188.23529411764,194449.3985258974,1
120,1556891551.1478,16384,340,48188.23529411764,196069.80497315526,1
121,1556891551.547482,16384,341,48046.92082111436,197690.2277215384,1
122,1556891551.937581,16384,340,48188.23529411764,199310.64175385982,1
123,1556891552.3350332,16384,340,48188.23529411764,200931.06874348596,1
124,1556891552.733693,16384,341,48046.92082111436,202551.47391529754,1
125,1556891553.1302688,16384,340,48188.23529411764,204171.901362855,1
126,1556891553.5272741,16384,341,48046.92082111436,205792.34337508678,1
127,1556891553.921774,16384,341,48046.92082111436,207412.76963632554,1
128,1556891554.3192801,16384,340,48188.23529411764,209033.21445453912,1
129,1556891554.718257,16384,341,48046.92082111436,210653.62978382036,1
130,1556891555.112375,16384,340,48188.23529411764,212274.04902856797,1
131,1556891555.509044,16384,340,48188.23529411764,213894.45872744545,1
132,1556891555.903785,16384,341,48046.92082111436,215514.88022189587,1
133,1556891556.30091,16384,340,48188.23529411764,217135.29115011916,1
134,1556891556.699425,16384,340,48188.23529411764,218755.71628957987,1
135,1556891557.094604,16384,341,48046.92082111436,220376.14698875695,1
136,1556891557.49295,16384,340,48188.23529411764,221996.59154880792,1
137,1556891557.887908,16384,340,48188.23529411764,223617.00523691252,1
138,1556891558.283356,16384,341,48046.92082111436,225237.44380390272,1
139,1556891558.681485,16384,340,48188.23529411764,226857.86289190874,1
140,1556891559.077242,16384,341,48046.92082111436,228478.29050542787,1
141,1556891559.477348,16384,341,48046.92082111436,230098.72445929796,1
142,1556891559.87068,16384,340,48188.23529411764,231719.14575397968,1
143,1556891560.2694056,16384,341,48046.92082111436,233339.5715173334,1
144,1556891560.6650689,16384,340,48188.23529411764,234960.00179545954,1
145,1556891561.0609891,16384,340,48188.23529411764,236580.43929906562,1
146,1556891561.458081,16384,341,48046.92082111436,238200.86766555905,1
147,1556891561.856182,16384,340,48188.23529411764,239821.29580155015,1
148,1556891562.2514632,16384,340,48188.23529411764,241441.7265990749,1
149,1556891562.6486132,16384,341,48046.92082111436,243062.15101936832,1
150,1556891563.04421,16384,340,48188.23529411764,244682.6025375165,1
151,1556891563.439959,16384,340,48188.23529411764,246303.0127465725,1
152,1556891563.8377204,16384,341,48046.92082111436,247923.4495740384,1
153,1556891564.235073,16384,340,48188.23529411764,249543.88314066455,1
154,1556891564.629942,16384,340,48188.23529411764,251164.2994134687,1
155,1556891565.027953,16384,341,48046.92082111436,252784.72813032568,1
156,1556891565.423809,16384,340,48188.23529411764,254405.16070732847,1
157,1556891565.823144,16384,341,48046.92082111436,256025.57836622,1
158,1556891566.2171109,16384,340,48188.23529411764,257646.00694170222,1
159,1556891566.6142678,16384,340,48188.23529411764,259266.4334856905,1
160,1556891567.015528,16384,341,48046.92082111436,260886.86022637412,1
161,1556891567.425981,16384,340,48188.23529411764,262507.2807004675,1
162,1556891567.814938,16384,340,48188.23529411764,264127.7184714563,1
163,1556891568.2108688,16384,341,48046.92082111436,265748.13615493476,1
164,1556891568.60386,16384,340,48188.23529411764,267368.55972083285,1
165,1556891569.001951,16384,340,48188.23529411764,268988.98437777534,1
166,1556891569.4041939,16384,341,48046.92082111436,270609.4100151211,1
167,1556891569.798806,16384,340,48188.23529411764,272229.8443039879,1
168,1556891570.1933439,16384,340,48188.23529411764,273850.2788295038,1
169,1556891570.5830069,16384,341,48046.92082111436,275470.706907101,1
170,1556891570.981544,16384,340,48188.23529411764,277091.1379320547,1
171,1556891571.376082,16384,341,48046.92082111436,278711.56740495935,1
172,1556891571.769569,16384,340,48188.23529411764,280331.9946896285,1
173,1556891572.166433,16384,340,48188.23529411764,281952.42892932147,1
174,1556891572.564211,16384,341,48046.92082111436,283572.84270655364,1
175,1556891572.965945,16384,340,48188.23529411764,285193.2598614134,1
176,1556891573.360329,16384,340,48188.23529411764,286813.6907480657,1
177,1556891573.7527812,16384,341,48046.92082111436,288434.1132597998,1
178,1556891574.149361,16384,340,48188.23529411764,290054.5307035558,1
179,1556891574.546796,16384,340,48188.23529411764,291674.9410048127,1
180,1556891574.943208,16384,341,48046.92082111436,293295.3830600716,1
181,1556891575.341792,16384,340,48188.23529411764,294915.796072036,1
182,1556891575.7392352,16384,341,48046.92082111436,296536.1883049831,1
183,1556891576.1380858,16384,340,48188.23529411764,298156.5318650566,1
184,1556891576.5324092,16384,341,48046.92082111436,299776.78795102984,1
185,1556891576.9321609,16384,340,48188.23529411764,301397.1130432561,1
186,1556891577.3336902,16384,340,48188.23529411764,303017.45924027637,1
187,1556891577.7347732,16384,341,48046.92082111436,304637.84111598507,1
188,1556891578.130196,16384,340,48188.23529411764,306258.29595951363,1
189,1556891578.525275,16384,340,48188.23529411764,307878.7771694362,1
190,1556891578.925432,16384,341,48046.92082111436,309499.32015705854,1
191,1556891579.319798,16384,341,48046.92082111436,311119.79498360306,1
192,1556891579.7198331,16384,340,48188.23529411764,312740.39881154895,1
193,1556891580.115971,16384,340,48188.23529411764,314360.90451618657,1
194,1556891580.512579,16384,341,48046.92082111436,315981.36243000627,1
195,1556891580.907667,16384,340,48188.23529411764,317601.7978406511,1
196,1556891581.306752,16384,340,48188.23529411764,319222.18696950004,1
197,1556891581.7054012,16384,341,48046.92082111436,320842.49598188326,1
198,1556891582.1120589,16384,340,48188.23529411764,322462.7639156766,1
199,1556891582.500355,16384,340,48188.23529411764,324082.99959143624,1
200,1556891582.8978028,16384,341,48046.92082111436,325703.21119353175,1
201,1556891583.30099,16384,340,48188.23529411764,327323.4785034321,1
202,1556891583.693779,16384,340,48188.23529411764,328943.7736948952,1
203,1556891584.094155,16384,340,48188.23529411764,330564.10078788176,1
204,1556891584.490279,16384,341,48046.92082111436,332184.4598500058,1
205,1556891584.8861,16384,340,48188.23529411764,333804.89994445816,1
206,1556891585.289256,16384,340,48188.23529411764,335425.40875012055,1
207,1556891585.685607,16384,341,48046.92082111436,337045.9395825863,1
208,1556891586.081493,16384,340,48188.23529411764,338666.49719635025,1
209,1556891586.480232,16384,340,48188.23529411764,340287.05184431747,1
210,1556891586.875766,16384,341,48046.92082111436,341907.5659423135,1
211,1556891587.2753446,16384,340,48188.23529411764,343528.08926040307,1
212,1556891587.6741812,16384,340,48188.23529411764,345148.6001129262,1
213,1556891588.070348,16384,340,48188.23529411764,346769.02889432386,1
214,1556891588.46549,16384,341,48046.92082111436,348389.41613612697,1
215,1556891588.8620956,16384,340,48188.23529411764,350009.7987371497,1
216,1556891589.260243,16384,340,48188.23529411764,351630.07113039494,1
217,1556891589.659434,16384,341,48046.92082111436,353250.2840847708,1
218,1556891590.0566778,16384,340,48188.23529411764,354870.5477957614,1
219,1556891590.452773,16384,340,48188.23529411764,356490.80315949395,1
220,1556891590.851115,16384,341,48046.92082111436,358111.131318938,1
221,1556891591.2505758,16384,341,48046.92082111436,359731.5151646733,1
222,1556891591.6481931,16384,340,48188.23529411764,361351.9333890639,1
223,1556891592.046147,16384,340,48188.23529411764,362972.40136815235,1
224,1556891592.440823,16384,341,48046.92082111436,364592.97888809815,1
225,1556891592.837055,16384,340,48188.23529411764,366213.6012023315,1
226,1556891593.237924,16384,340,48188.23529411764,367834.20513477176,1
227,1556891593.6349359,16384,341,48046.92082111436,369454.7933869064,1
228,1556891594.049068,16384,340,48188.23529411764,371075.2762472257,1
229,1556891594.431901,16384,340,48188.23529411764,372695.77188044786,1
230,1556891594.829665,16384,341,48046.92082111436,374316.21973821893,1
231,1556891595.226138,16384,341,48046.92082111436,375936.53788464144,1
232,1556891595.622818,16384,340,48188.23529411764,377556.87662260607,1
233,1556891596.023695,16384,340,48188.23529411764,379177.20152428374,1
234,1556891596.420767,16384,341,48046.92082111436,380797.4387029186,1
235,1556891596.819801,16384,340,48188.23529411764,382417.6796955988,1
236,1556891597.2139919,16384,340,48188.23529411764,384037.9022573121,1
237,1556891597.6119714,16384,341,48046.92082111436,385658.19523287937,1
238,1556891598.013212,16384,340,48188.23529411764,387278.5190711729,1
239,1556891598.409644,16384,340,48188.23529411764,388898.9787767641,1
240,1556891598.804961,16384,341,48046.92082111436,390519.3746946752,1
241,1556891599.2051148,16384,341,48046.92082111436,392139.9514124729,1
242,1556891599.604223,16384,340,48188.23529411764,393760.5576591566,1
243,1556891599.9991438,16384,340,48188.23529411764,395381.11641928554,1
244,1556891600.4001868,16384,341,48046.92082111436,397001.691996865,1
245,1556891600.795145,16384,340,48188.23529411764,398622.22809707746,1
246,1556891601.190835,16384,340,48188.23529411764,400242.70861549303,1
247,1556891601.5896409,16384,341,48046.92082111436,401863.0305298604,1
248,1556891601.99,16384,341,48046.92082111436,403483.3922627382,1
249,1556891602.387481,16384,340,48188.23529411764,405103.63997686654,1
250,1556891602.7959306,16384,340,48188.23529411764,406723.8666814752,1
251,1556891603.1829462,16384,341,48046.92082111436,408344.1268273629,1
252,1556891603.5787768,16384,340,48188.23529411764,409964.425172098,1
253,1556891603.974287,16384,340,48188.23529411764,411584.8443184979,1
254,1556891604.3725069,16384,340,48188.23529411764,413205.3157366812,1
255,1556891604.7723188,16384,341,48046.92082111436,414825.923433993,1
256,1556891605.1708472,16384,340,48188.23529411764,416446.46351113915,1
257,1556891605.5659401,16384,340,48188.23529411764,418067.09485799074,1
258,1556891605.964,16384,341,48046.92082111436,419687.68189921975,1
259,1556891606.362139,16384,341,48046.92082111436,421308.25180336833,1
260,1556891606.757996,16384,340,48188.23529411764,422928.694759123,1
261,1556891607.157703,16384,340,48188.23529411764,424549.0575584583,1
262,1556891607.555549,16384,341,48046.92082111436,426169.369281549,1
263,1556891607.954187,16384,340,48188.23529411764,427789.6150348708,1
264,1556891608.353077,16384,340,48188.23529411764,429409.84236337245,1
265,1556891608.748608,16384,341,48046.92082111436,431030.12847304344,1
266,1556891609.145057,16384,341,48046.92082111436,432650.4043453373,1
267,1556891609.5429592,16384,340,48188.23529411764,434270.704263635,1
268,1556891609.9422529,16384,340,48188.23529411764,435891.09559608623,1
269,1556891610.343167,16384,341,48046.92082111436,437511.67784286663,1
270,1556891610.738476,16384,340,48188.23529411764,439132.20729231834,1
271,1556891611.138695,16384,340,48188.23529411764,440752.84616891295,1
272,1556891611.534146,16384,341,48046.92082111436,442373.4519146383,1
273,1556891611.931682,16384,340,48188.23529411764,443994.0103366971,1
274,1556891612.3312519,16384,340,48188.23529411764,445614.5006068982,1
275,1556891612.725271,16384,341,48046.92082111436,447234.93149355054,1
276,1556891613.125161,16384,340,48188.23529411764,448855.2813202143,1
277,1556891613.526361,16384,340,48188.23529411764,450475.54121101275,1
278,1556891613.9232671,16384,341,48046.92082111436,452095.7714407705,1
279,1556891614.3198528,16384,341,48046.92082111436,453716.0899068229,1
280,1556891614.719439,16384,340,48188.23529411764,455336.3399505615,1
281,1556891615.11521,16384,340,48188.23529411764,456956.69429814443,1
282,1556891615.5090199,16384,341,48046.92082111436,458577.1342542954,1
283,1556891615.919961,16384,340,48188.23529411764,460197.6410776377,1
284,1556891616.321373,16384,340,48188.23529411764,461818.2602324523,1
285,1556891616.712503,16384,341,48046.92082111436,463438.84846614674,1
286,1556891617.1069212,16384,341,48046.92082111436,465059.4378246926,1
287,1556891617.513783,16384,340,48188.23529411764,466680.0314429216,1
288,1556891617.899942,16384,340,48188.23529411764,468300.5320580676,1
289,1556891618.3044472,16384,341,48046.92082111436,469920.96526511014,1
290,1556891618.6982431,16384,341,48046.92082111436,471541.34768480435,1
291,1556891619.091444,16384,340,48188.23529411764,473161.6310530342,1
292,1556891619.489994,16384,340,48188.23529411764,474781.8978158757,1
293,1556891619.883038,16384,341,48046.92082111436,476402.1931640804,1
294,1556891620.281286,16384,340,48188.23529411764,478022.4521175027,1
295,1556891620.6799731,16384,340,48188.23529411764,479642.7981700748,0
296,1556891621.078815,16384,340,48188.23529411764,481263.22424998507,0
297,1556891621.4745126,16384,341,48046.92082111436,482883.69415299967,0
298,1556891621.8714082,16384,340,48188.23529411764,484504.208573699,0
299,1556891622.274904,16384,340,48188.23529411764,486124.81072358787,0
300,1556891622.6673322,16384,341,48046.92082111436,487745.42446313426,0
301,1556891623.065193,16384,341,48046.92082111436,489366.0143656656,0
302,1556891623.4625812,16384,340,48188.23529411764,490986.61494199187,0
303,1556891623.8605368,16384,340,48188.23529411764,492607.07634715363,0
304,1556891624.2590759,16384,341,48046.92082111436,494227.52802819014,0
305,1556891624.6573598,16384,340,48188.23529411764,495847.9133184068,0
306,1556891625.0548632,16384,340,48188.23529411764,497468.1942586787,0
307,1556891625.452389,16384,340,48188.23529411764,499088.5221599601,0
308,1556891625.851242,16384,341,48046.92082111436,500708.8249364868,0
309,1556891626.2578301,16384,340,48188.23529411764,502329.0960788727,0
310,1556891626.647579,16384,340,48188.23529411764,503949.4817594066,0
311,1556891627.0447738,16384,341,48046.92082111436,505569.9296263978,0
312,1556891627.4477448,16384,341,48046.92082111436,507190.44667482376,0
313,1556891627.839205,16384,340,48188.23529411764,508811.0320933163,0
314,1556891628.239397,16384,340,48188.23529411764,510431.6258191131,0
315,1556891628.635946,16384,341,48046.92082111436,512052.18470524997,0
316,1556891629.032199,16384,341,48046.92082111436,513672.7890218608,0
317,1556891629.429368,16384,340,48188.23529411764,515293.3389952406,0
318,1556891629.8280401,16384,340,48188.23529411764,516913.83561808616,0
319,1556891630.226611,16384,341,48046.92082111436,518534.2320922762,0
320,1556891630.626101,16384,341,48046.92082111436,520154.5616562478,0
321,1556891631.023797,16384,340,48188.23529411764,521774.81292933226,0
322,1556891631.420684,16384,340,48188.23529411764,523395.04504920915,0
323,1556891631.815572,16384,341,48046.92082111436,525015.4034075327,0
324,1556891632.2161472,16384,340,48188.23529411764,526635.8283318579,0
325,1556891632.6110752,16384,340,48188.23529411764,528256.2761189416,0
326,1556891633.0198061,16384,340,48188.23529411764,529876.846831385,0
327,1556891633.408818,16384,341,48046.92082111436,531497.4591664039,0
328,1556891633.806154,16384,340,48188.23529411764,533118.0098435842,0
329,1556891634.204952,16384,340,48188.23529411764,534738.6131674983,0
330,1556891634.6019998,16384,340,48188.23529411764,536359.0751565993,0
331,1556891635.0012438,16384,341,48046.92082111436,537979.4749869034,0
332,1556891635.397928,16384,340,48188.23529411764,539599.788412638,0
333,1556891635.7960286,16384,340,48188.23529411764,541220.0460721739,0
334,1556891636.20176,16384,341,48046.92082111436,542840.376905445,0
335,1556891636.5918,16384,341,48046.92082111436,544460.8077275567,0
336,1556891636.985818,16384,340,48188.23529411764,546081.2157698907,0
337,1556891637.385911,16384,340,48188.23529411764,547701.7737309448,0
338,1556891637.781704,16384,341,48046.92082111436,549322.33606847,0
339,1556891638.179574,16384,341,48046.92082111436,550942.9168892093,0
340,1556891638.5802062,16384,340,48188.23529411764,552563.5674015619,0
341,1556891638.976685,16384,340,48188.23529411764,554184.0592760593,0
342,1556891639.373436,16384,341,48046.92082111436,555804.4784839265,0
343,1556891639.770792,16384,340,48188.23529411764,557424.8260793276,0
344,1556891640.168756,16384,340,48188.23529411764,559045.1479322277,0
345,1556891640.5663989,16384,340,48188.23529411764,560665.3846621513,0
346,1556891640.966527,16384,341,48046.92082111436,562285.7777187601,0
347,1556891641.3633668,16384,340,48188.23529411764,563906.2459252775,0
348,1556891641.7601204,16384,340,48188.23529411764,565526.7167595215,0
349,1556891642.157483,16384,341,48046.92082111436,567147.264360264,0
350,1556891642.557941,16384,341,48046.92082111436,568767.814487312,0
351,1556891642.954299,16384,340,48188.23529411764,570388.4427761659,0
352,1556891643.3601556,16384,340,48188.23529411764,572009.0442161076,0
353,1556891643.751955,16384,341,48046.92082111436,573629.5465062372,0
354,1556891644.1458812,16384,340,48188.23529411764,575249.9201514758,0
355,1556891644.5432448,16384,340,48188.23529411764,576870.204500109,0
356,1556891644.941611,16384,340,48188.23529411764,578490.466680564,0
357,1556891645.352434,16384,341,48046.92082111436,580110.7080082409,0
358,1556891645.739774,16384,340,48188.23529411764,581731.05442347,0
359,1556891646.138828,16384,340,48188.23529411764,583351.5020507388,0
360,1556891646.532526,16384,341,48046.92082111436,584972.0140527003,0
361,1556891646.9342961,16384,341,48046.92082111436,586592.5504356623,0
362,1556891647.3316832,16384,340,48188.23529411764,588213.1464726292,0
363,1556891647.729644,16384,340,48188.23529411764,589833.7509890087,0
364,1556891648.126678,16384,341,48046.92082111436,591454.3510981835,0
365,1556891648.523901,16384,341,48046.92082111436,593074.8501766473,0
366,1556891648.923137,16384,340,48188.23529411764,594695.2996725217,0
367,1556891649.322069,16384,340,48188.23529411764,596315.6810380518,0
368,1556891649.714108,16384,341,48046.92082111436,597936.0160726123,0
369,1556891650.1117694,16384,341,48046.92082111436,599556.2835945748,0
370,1556891650.5135,16384,340,48188.23529411764,601176.5391334891,0
371,1556891650.912996,16384,340,48188.23529411764,602796.8596218154,0
372,1556891651.309566,16384,341,48046.92082111436,604417.2678608447,0
373,1556891651.719614,16384,341,48046.92082111436,606037.7382771112,0
374,1556891652.106625,16384,340,48188.23529411764,607658.3370739594,0
375,1556891652.500227,16384,340,48188.23529411764,609278.9871683344,0
376,1556891652.8975348,16384,341,48046.92082111436,610899.6307686903,0
377,1556891653.2984538,16384,341,48046.92082111436,612520.1998706907,0
378,1556891653.691885,16384,340,48188.23529411764,614140.7851723954,0
379,1556891654.087651,16384,340,48188.23529411764,615761.2837744877,0
380,1556891654.489123,16384,341,48046.92082111436,617381.6211509518,0
381,1556891654.8858778,16384,341,48046.92082111436,619001.987423189,0
382,1556891655.2822359,16384,340,48188.23529411764,620622.2916011699,0
383,1556891655.6806662,16384,340,48188.23529411764,622242.5857907161,0
384,1556891656.0809019,16384,341,48046.92082111436,623862.9942141473,0
385,1556891656.479249,16384,340,48188.23529411764,625483.4419028834,0
386,1556891656.8794296,16384,340,48188.23529411764,627103.9528045803,0
387,1556891657.278101,16384,340,48188.23529411764,628724.5047479868,0
388,1556891657.668163,16384,341,48046.92082111436,630345.1028809883,0
389,1556891658.0675874,16384,340,48188.23529411764,631965.6659130938,0
390,1556891658.464046,16384,340,48188.23529411764,633586.1880755983,0
391,1556891658.86224,16384,340,48188.23529411764,635206.6854237579,0
392,1556891659.261633,16384,341,48046.92082111436,636827.1144325845,0
393,1556891659.658392,16384,340,48188.23529411764,638447.4332182668,0
394,1556891660.0581179,16384,340,48188.23529411764,640067.7465825342,0
395,1556891660.453972,16384,340,48188.23529411764,641688.028635364,0
396,1556891660.8527732,16384,341,48046.92082111436,643308.3382747136,0
397,1556891661.252152,16384,340,48188.23529411764,644928.7295334041,0
398,1556891661.6467829,16384,340,48188.23529411764,646549.1714995354,0
399,1556891662.04526,16384,341,48046.92082111436,648169.7623332962,0
400,1556891662.4450402,16384,341,48046.92082111436,649790.3866421431,0
401,1556891662.846859,16384,340,48188.23529411764,651411.0462086275,0
402,1556891663.237385,16384,340,48188.23529411764,653031.6364768893,0
403,1556891663.63407,16384,341,48046.92082111436,654652.3166840896,0
404,1556891664.033094,16384,340,48188.23529411764,656272.8927318938,0
405,1556891664.432584,16384,340,48188.23529411764,657893.4023243375,0
406,1556891664.831009,16384,341,48046.92082111436,659513.893584162,0
407,1556891665.2249112,16384,340,48188.23529411764,661134.3668432906,0
408,1556891665.6258402,16384,340,48188.23529411764,662754.874004703,0
409,1556891666.021641,16384,341,48046.92082111436,664375.3739467822,0
410,1556891666.4181552,16384,340,48188.23529411764,665995.9326208569,0
411,1556891666.818136,16384,340,48188.23529411764,667616.5393838659,0
412,1556891667.2291331,16384,341,48046.92082111436,669237.123542279,0
413,1556891667.614041,16384,340,48188.23529411764,670857.752793096,0
414,1556891668.0176349,16384,340,48188.23529411764,672478.3706601709,0
415,1556891668.411327,16384,341,48046.92082111436,674099.0766190924,0
416,1556891668.807848,16384,341,48046.92082111436,675719.7611443698,0
417,1556891669.204889,16384,340,48188.23529411764,677340.4042345472,0
418,1556891669.6061409,16384,341,48046.92082111436,678961.1187681556,0
419,1556891669.997309,16384,341,48046.92082111436,680581.8273886107,0
420,1556891670.397269,16384,340,48188.23529411764,682202.5078355335,0
421,1556891670.798528,16384,340,48188.23529411764,683823.1546567753,0
422,1556891671.192502,16384,341,48046.92082111436,685443.8476553187,0
423,1556891671.590801,16384,340,48188.23529411764,687064.5181629807,0
424,1556891671.986989,16384,340,48188.23529411764,688685.2207289077,0
425,1556891672.385948,16384,341,48046.92082111436,690305.9044704773,0
426,1556891672.782021,16384,340,48188.23529411764,691926.5863618813,0
427,1556891673.182775,16384,340,48188.23529411764,693547.2055812366,0
428,1556891673.579393,16384,341,48046.92082111436,695167.8246192634,0
429,1556891673.976307,16384,341,48046.92082111436,696788.343342673,0
430,1556891674.372658,16384,340,48188.23529411764,698408.8790986687,0
431,1556891674.770884,16384,340,48188.23529411764,700029.3449233286,0
432,1556891675.1691651,16384,341,48046.92082111436,701649.7172408737,0
433,1556891675.568634,16384,340,48188.23529411764,703270.08835366,0
434,1556891675.9636438,16384,340,48188.23529411764,704890.4163379222,0
435,1556891676.361543,16384,341,48046.92082111436,706510.7425672933,0
436,1556891676.7600038,16384,340,48188.23529411764,708131.0327338055,0
437,1556891677.156238,16384,340,48188.23529411764,709751.2732531875,0
438,1556891677.5573351,16384,341,48046.92082111436,711371.5567474253,0
439,1556891677.95555,16384,341,48046.92082111436,712991.7783779092,0
440,1556891678.3576481,16384,340,48188.23529411764,714611.9497312233,0
441,1556891678.7487922,16384,340,48188.23529411764,716232.2542503476,0
442,1556891679.14616,16384,341,48046.92082111436,717852.5555885397,0
443,1556891679.544816,16384,340,48188.23529411764,719472.861423064,0
444,1556891679.942989,16384,340,48188.23529411764,721093.2491904125,0
445,1556891680.339961,16384,341,48046.92082111436,722713.6854493059,0
446,1556891680.738375,16384,340,48188.23529411764,724334.132059291,0
447,1556891681.1341221,16384,340,48188.23529411764,725954.6862001531,0
448,1556891681.5374248,16384,341,48046.92082111436,727575.2133876085,0
449,1556891681.9299588,16384,340,48188.23529411764,729195.8516526036,0
450,1556891682.329967,16384,340,48188.23529411764,730816.454515513,0
451,1556891682.724884,16384,341,48046.92082111436,732437.0962257497,0
452,1556891683.1220832,16384,341,48046.92082111436,734057.8170167282,0
453,1556891683.520524,16384,340,48188.23529411764,735678.5223271698,0
454,1556891683.9197712,16384,340,48188.23529411764,737299.220863916,0
455,1556891684.3145652,16384,341,48046.92082111436,738919.9221574701,0
456,1556891684.714209,16384,340,48188.23529411764,740540.5689141713,0
457,1556891685.1147554,16384,340,48188.23529411764,742161.290110834,0
458,1556891685.508132,16384,341,48046.92082111436,743781.9368706085,0
459,1556891685.905159,16384,340,48188.23529411764,745402.5498909876,0
460,1556891686.3037498,16384,340,48188.23529411764,747023.1541492045,0
461,1556891686.700897,16384,341,48046.92082111436,748643.73229919,0
462,1556891687.1038392,16384,341,48046.92082111436,750264.1828523017,0
463,1556891687.497195,16384,340,48188.23529411764,751884.6341583878,0
464,1556891687.893999,16384,340,48188.23529411764,753504.9998036586,0
465,1556891688.293217,16384,341,48046.92082111436,755125.31290669,0
466,1556891688.6887226,16384,340,48188.23529411764,756745.6223892979,0
467,1556891689.087649,16384,340,48188.23529411764,758365.8738590777,0
468,1556891689.4870248,16384,341,48046.92082111436,759986.1602269113,0
469,1556891689.884265,16384,340,48188.23529411764,761606.403509248,0
470,1556891690.2817461,16384,340,48188.23529411764,763226.6173702665,0
471,1556891690.677454,16384,341,48046.92082111436,764846.8814469874,0
472,1556891691.074589,16384,340,48188.23529411764,766467.1313124709,0
473,1556891691.472609,16384,340,48188.23529411764,768087.4166691676,0
474,1556891691.871836,16384,341,48046.92082111436,769707.709890604,0
475,1556891692.269685,16384,341,48046.92082111436,771328.0451187864,0
476,1556891692.6714602,16384,340,48188.23529411764,772948.3749194071,0
477,1556891693.06652,16384,340,48188.23529411764,774568.7223119661,0
478,1556891693.46207,16384,341,48046.92082111436,776189.1447868198,0
479,1556891693.8595562,16384,340,48188.23529411764,777809.6611160785,0
480,1556891694.2575989,16384,340,48188.23529411764,779430.2204847336,0
481,1556891694.65528,16384,341,48046.92082111436,781050.7640993223,0
482,1556891695.051285,16384,340,48188.23529411764,782671.4018172584,0
483,1556891695.447197,16384,340,48188.23529411764,784292.071857769,0
484,1556891695.8499,16384,341,48046.92082111436,785912.8064450808,0
485,1556891696.245853,16384,340,48188.23529411764,787533.4405425936,0
486,1556891696.642997,16384,340,48188.23529411764,789154.1292753071,0
487,1556891697.0424929,16384,340,48188.23529411764,790774.8805479147,0
488,1556891697.438488,16384,341,48046.92082111436,792395.6383852288,0
489,1556891697.837461,16384,340,48188.23529411764,794016.3152025081,0
490,1556891698.235873,16384,340,48188.23529411764,795636.9785492308,0
491,1556891698.631777,16384,341,48046.92082111436,797257.5972000137,0
492,1556891699.0301812,16384,340,48188.23529411764,798878.1610434875,0
493,1556891699.4290712,16384,340,48188.23529411764,800498.7041970715,0
494,1556891699.829034,16384,341,48046.92082111436,802119.2527567036,0
495,1556891700.2248359,16384,340,48188.23529411764,803739.7041642107,0
496,1556891700.6202614,16384,340,48188.23529411764,805360.1191923022,0
497,1556891701.0183866,16384,341,48046.92082111436,806980.470924452,0
498,1556891701.419584,16384,341,48046.92082111436,808600.8118998259,0
499,1556891701.8183439,16384,340,48188.23529411764,810221.151830256,0
500,1556891702.2174964,16384,340,48188.23529411764,811841.4475534111,0
501,1556891702.6141331,16384,341,48046.92082111436,813461.7106466554,0
502,1556891703.011369,16384,340,48188.23529411764,815081.976828631,0
503,1556891703.406691,16384,340,48188.23529411764,816702.2415169515,0
504,1556891703.8030348,16384,341,48046.92082111436,818322.4553042091,0
505,1556891704.203732,16384,340,48188.23529411764,819942.7107048221,0
506,1556891704.60021,16384,340,48188.23529411764,821563.0245239474,0
507,1556891704.995681,16384,341,48046.92082111436,823183.2865937613,0
508,1556891705.3971221,16384,340,48188.23529411764,824803.6520392634,0
509,1556891705.7937472,16384,340,48188.23529411764,826423.9981256425,0
510,1556891706.1927328,16384,340,48188.23529411764,828044.4466595538,0
511,1556891706.58554,16384,341,48046.92082111436,829664.9676849134,0
512,1556891706.983485,16384,340,48188.23529411764,831285.5212264694,0
513,1556891707.3858,16384,340,48188.23529411764,832906.0731514357,0
514,1556891707.783263,16384,341,48046.92082111436,834526.696747262,0
515,1556891708.1809092,16384,340,48188.23529411764,836147.3355869763,0
516,1556891708.579751,16384,340,48188.23529411764,837768.0355712771,0
517,1556891708.974924,16384,341,48046.92082111436,839388.7506611645,0
518,1556891709.3711321,16384,340,48188.23529411764,841009.4542136416,0
519,1556891709.7688694,16384,340,48188.23529411764,842630.1330685616,0
520,1556891710.168736,16384,341,48046.92082111436,844250.7878959179,0
521,1556891710.565556,16384,341,48046.92082111436,845871.4808883145,0
522,1556891710.960625,16384,340,48188.23529411764,847492.1694058925,0
523,1556891711.3610196,16384,340,48188.23529411764,849112.819715403,0
524,1556891711.7586298,16384,341,48046.92082111436,850733.4771674126,0
525,1556891712.156016,16384,340,48188.23529411764,852354.076606594,0
526,1556891712.554759,16384,340,48188.23529411764,853974.7080733068,0
527,1556891712.951954,16384,341,48046.92082111436,855595.3404190019,0
528,1556891713.3463118,16384,341,48046.92082111436,857216.0097710788,0
529,1556891713.7458,16384,340,48188.23529411764,858836.6908326745,0
530,1556891714.149129,16384,340,48188.23529411764,860457.4238279834,0
531,1556891714.5529141,16384,341,48046.92082111436,862078.0394607224,0
532,1556891714.9422529,16384,340,48188.23529411764,863698.5394273885,0
533,1556891715.339514,16384,340,48188.23529411764,865318.9254029654,0
534,1556891715.73306,16384,341,48046.92082111436,866939.2474464141,0
535,1556891716.132216,16384,341,48046.92082111436,868559.6118623391,0
536,1556891716.53198,16384,340,48188.23529411764,870180.0738299266,0
537,1556891716.9278061,16384,340,48188.23529411764,871800.5820670165,0
538,1556891717.33114,16384,340,48188.23529411764,873421.0814589635,0
539,1556891717.726426,16384,341,48046.92082111436,875041.5837829001,0
540,1556891718.123401,16384,340,48188.23529411764,876662.0606808923,0
541,1556891718.520118,16384,340,48188.23529411764,878282.5471524149,0
542,1556891718.91564,16384,341,48046.92082111436,879903.0161180533,0
543,1556891719.314904,16384,340,48188.23529411764,881523.5199079849,0
544,1556891719.71405,16384,341,48046.92082111436,883144.0341719426,0
545,1556891720.114199,16384,340,48188.23529411764,884764.5309269428,0
546,1556891720.511147,16384,340,48188.23529411764,886385.0499208085,0
547,1556891720.9054859,16384,340,48188.23529411764,888005.546543654,0
548,1556891721.311594,16384,340,48188.23529411764,889626.013422478,0
549,1556891721.7028394,16384,341,48046.92082111436,891246.4882336557,0
550,1556891722.098548,16384,340,48188.23529411764,892866.9879360124,0
551,1556891722.497163,16384,341,48046.92082111436,894487.4782062136,0
552,1556891722.904,16384,340,48188.23529411764,896107.9551257193,0
553,1556891723.2934382,16384,340,48188.23529411764,897728.4493513405,0
554,1556891723.692323,16384,341,48046.92082111436,899348.9156892523,0
555,1556891724.088941,16384,340,48188.23529411764,900969.3903221749,0
556,1556891724.489554,16384,341,48046.92082111436,902589.8469236679,0
557,1556891724.881883,16384,340,48188.23529411764,904210.3226660751,0
558,1556891725.2776,16384,340,48188.23529411764,905830.8089624159,0
559,1556891725.6739268,16384,341,48046.92082111436,907451.303870324,0
560,1556891726.0750382,16384,340,48188.23529411764,909071.7727007344,0
561,1556891726.4724472,16384,341,48046.92082111436,910692.2673597,0
562,1556891726.8704,16384,340,48188.23529411764,912312.7595384605,0
563,1556891727.265441,16384,340,48188.23529411764,913933.2311533391,0
564,1556891727.6646466,16384,341,48046.92082111436,915553.7094251253,0
565,1556891728.0629349,16384,340,48188.23529411764,917174.2114109918,0
566,1556891728.462195,16384,341,48046.92082111436,918794.700627029,0
567,1556891728.8590071,16384,340,48188.23529411764,920415.1978307404,0
568,1556891729.254174,16384,341,48046.92082111436,922035.6791974045,0
569,1556891729.649437,16384,340,48188.23529411764,923656.158812251,0
570,1556891730.0492392,16384,340,48188.23529411764,925276.6516640782,0
571,1556891730.4477632,16384,341,48046.92082111436,926897.1595169976,0
572,1556891730.8480759,16384,340,48188.23529411764,928517.6437910646,0
573,1556891731.242642,16384,341,48046.92082111436,930138.1270017475,0
574,1556891731.6409018,16384,340,48188.23529411764,931758.6375192739,0
575,1556891732.0373461,16384,340,48188.23529411764,933379.1426246054,0
576,1556891732.436086,16384,340,48188.23529411764,934999.643623922,0
577,1556891732.8309052,16384,340,48188.23529411764,936620.1183398254,0
578,1556891733.230814,16384,341,48046.92082111436,938240.5948136933,0
579,1556891733.624825,16384,340,48188.23529411764,939861.0597685911,0
580,1556891734.022819,16384,341,48046.92082111436,941481.5629838035,0
581,1556891734.4210448,16384,340,48188.23529411764,943102.0348691382,0
582,1556891734.825652,16384,340,48188.23529411764,944722.5285784341,0
583,1556891735.2171774,16384,341,48046.92082111436,946343.0203023367,0
584,1556891735.6153831,16384,340,48188.23529411764,947963.5279554874,0
585,1556891736.013223,16384,341,48046.92082111436,949584.0151953511,0
586,1556891736.40869,16384,340,48188.23529411764,951204.5029607601,0
587,1556891736.807672,16384,340,48188.23529411764,952824.9984556809,0
588,1556891737.203985,16384,341,48046.92082111436,954445.4913659021,2
589,1556891737.60129,16384,340,48188.23529411764,956065.9569078125,2
590,1556891737.999652,16384,341,48046.92082111436,957686.4314208739,2
591,1556891738.3972,16384,340,48188.23529411764,959306.890130695,2
592,1556891738.793676,16384,341,48046.92082111436,960927.3717678152,2
593,1556891739.19296,16384,340,48188.23529411764,962547.8548893705,2
594,1556891739.589848,16384,340,48188.23529411764,964168.339277152,2
595,1556891739.987817,16384,341,48046.92082111436,965788.8090172783,2
596,1556891740.386395,16384,340,48188.23529411764,967409.2731085606,2
597,1556891740.78627,16384,341,48046.92082111436,969029.7200289555,2
598,1556891741.182942,16384,340,48188.23529411764,970650.1851744018,2
599,1556891741.5811448,16384,340,48188.23529411764,972270.6658895127,2
600,1556891741.9789946,16384,341,48046.92082111436,973891.1494167522,2
601,1556891742.376983,16384,340,48188.23529411764,975511.6646672599,2
602,1556891742.775285,16384,341,48046.92082111436,977132.1439317428,2
603,1556891743.177483,16384,340,48188.23529411764,978752.624084428,2
604,1556891743.568668,16384,340,48188.23529411764,980373.1124768034,2
605,1556891743.962579,16384,341,48046.92082111436,981993.5968676582,2
606,1556891744.360276,16384,340,48188.23529411764,983614.0617457218,2
607,1556891744.7580318,16384,341,48046.92082111436,985234.5145977102,2
608,1556891745.15741,16384,340,48188.23529411764,986855.0077292137,2
609,1556891745.555449,16384,340,48188.23529411764,988475.4577352665,2
610,1556891745.9524338,16384,341,48046.92082111436,990095.9215315059,2
611,1556891746.3504078,16384,340,48188.23529411764,991716.393782571,2
612,1556891746.7507632,16384,341,48046.92082111436,993336.8822302669,2
613,1556891747.145699,16384,340,48188.23529411764,994957.3367418721,2
614,1556891747.543255,16384,340,48188.23529411764,996577.7884136885,2
615,1556891747.943288,16384,341,48046.92082111436,998198.261131905,2
616,1556891748.3408706,16384,340,48188.23529411764,999818.7275497243,2
617,1556891748.756223,16384,341,48046.92082111436,1001439.2104438506,2
618,1556891749.1352189,16384,340,48188.23529411764,1003059.6914386377,2
619,1556891749.5340538,16384,340,48188.23529411764,1004680.1696243696,2
620,1556891749.9272554,16384,340,48188.23529411764,1006300.6562557071,2
621,1556891750.323898,16384,340,48188.23529411764,1007921.1303723045,2
622,1556891750.725872,16384,341,48046.92082111436,1009541.6176828556,2
623,1556891751.1208806,16384,340,48188.23529411764,1011162.0925893076,2
624,1556891751.52002,16384,341,48046.92082111436,1012782.5547443703,2
625,1556891751.9167151,16384,340,48188.23529411764,1014403.0236147344,2
626,1556891752.314978,16384,340,48188.23529411764,1016023.5241745599,2
627,1556891752.7197518,16384,341,48046.92082111436,1017644.0203333274,2
628,1556891753.112183,16384,340,48188.23529411764,1019264.4788249396,2
629,1556891753.512778,16384,341,48046.92082111436,1020884.948254656,2
630,1556891753.9051409,16384,340,48188.23529411764,1022505.4406608455,2
631,1556891754.304748,16384,340,48188.23529411764,1024125.9135050699,2
632,1556891754.70104,16384,341,48046.92082111436,1025746.413278114,2
633,1556891755.1027849,16384,340,48188.23529411764,1027366.866286844,2
634,1556891755.494302,16384,341,48046.92082111436,1028987.3193601146,2
635,1556891755.8909562,16384,340,48188.23529411764,1030607.8089357354,2
636,1556891756.288295,16384,340,48188.23529411764,1032228.288476821,2
637,1556891756.6880028,16384,340,48188.23529411764,1033848.756704852,2
638,1556891757.084118,16384,340,48188.23529411764,1035469.2091081291,2
639,1556891757.482044,16384,341,48046.92082111436,1037089.6661767736,2
640,1556891757.880791,16384,340,48188.23529411764,1038710.1627258584,2
641,1556891758.278698,16384,341,48046.92082111436,1040330.6744942442,2
642,1556891758.6747901,16384,340,48188.23529411764,1041951.1480607092,2
643,1556891759.074284,16384,340,48188.23529411764,1043571.6525851749,2
644,1556891759.4686568,16384,341,48046.92082111436,1045192.12812474,2
645,1556891759.866763,16384,340,48188.23529411764,1046812.5849352218,2
646,1556891760.265341,16384,341,48046.92082111436,1048433.0781681463,2
647,1556891760.6625571,16384,340,48188.23529411764,1050053.5434580408,2
648,1556891761.0647738,16384,340,48188.23529411764,1051673.9887741394,2
649,1556891761.456196,16384,341,48046.92082111436,1053294.4625649601,2
650,1556891761.8567321,16384,340,48188.23529411764,1054914.9554014206,2
651,1556891762.255679,16384,341,48046.92082111436,1056535.4653811082,2
652,1556891762.6508422,16384,340,48188.23529411764,1058155.95539622,2
653,1556891763.055652,16384,340,48188.23529411764,1059776.4643524773,2
654,1556891763.452599,16384,340,48188.23529411764,1061396.9460326247,2
655,1556891763.845533,16384,340,48188.23529411764,1063017.408571858,2
656,1556891764.2447536,16384,341,48046.92082111436,1064637.8767199814,2
657,1556891764.6379352,16384,340,48188.23529411764,1066258.373139985,2
658,1556891765.041485,16384,341,48046.92082111436,1067878.8269477896,2
659,1556891765.435076,16384,340,48188.23529411764,1069499.308830779,2
660,1556891765.8313394,16384,340,48188.23529411764,1071119.77738766,2
661,1556891766.22852,16384,341,48046.92082111436,1072740.2402741835,2
662,1556891766.6264482,16384,340,48188.23529411764,1074360.725009255,2
663,1556891767.0276759,16384,341,48046.92082111436,1075981.192342937,2
664,1556891767.427579,16384,340,48188.23529411764,1077601.6818970442,2
665,1556891767.818942,16384,340,48188.23529411764,1079222.168648243,2
666,1556891768.216774,16384,341,48046.92082111436,1080842.6329208538,2
667,1556891768.616368,16384,340,48188.23529411764,1082463.1030943245,2
668,1556891769.012203,16384,341,48046.92082111436,1084083.5953560658,2
669,1556891769.409843,16384,340,48188.23529411764,1085704.0542840958,2
670,1556891769.807609,16384,340,48188.23529411764,1087324.5453011245,2
671,1556891770.2072802,16384,341,48046.92082111436,1088945.029950142,2
672,1556891770.6025534,16384,340,48188.23529411764,1090565.5153183267,2
673,1556891771.002653,16384,341,48046.92082111436,1092185.9820465557,2
674,1556891771.401632,16384,340,48188.23529411764,1093806.439468637,2
675,1556891771.7941554,16384,340,48188.23529411764,1095426.917224098,2
676,1556891772.1924212,16384,340,48188.23529411764,1097047.3901267163,2
677,1556891772.591529,16384,340,48188.23529411764,1098667.848959472,2
678,1556891772.9884741,16384,341,48046.92082111436,1100288.3192589507,2
679,1556891773.385717,16384,340,48188.23529411764,1101908.818779979,2
680,1556891773.782507,16384,341,48046.92082111436,1103529.286427144,2
681,1556891774.180725,16384,340,48188.23529411764,1105149.7893964872,2
682,1556891774.580029,16384,340,48188.23529411764,1106770.2641185373,2
683,1556891774.980609,16384,341,48046.92082111436,1108390.757243894,2
684,1556891775.3731892,16384,340,48188.23529411764,1110011.2003072165,2
685,1556891775.7713358,16384,341,48046.92082111436,1111631.6573574208,2
686,1556891776.169609,16384,340,48188.23529411764,1113252.0861818455,2
687,1556891776.565793,16384,340,48188.23529411764,1114872.5646779872,2
688,1556891776.964531,16384,341,48046.92082111436,1116493.058122974,2
689,1556891777.362742,16384,340,48188.23529411764,1118113.5346091352,2
690,1556891777.7585568,16384,341,48046.92082111436,1119733.998476062,2
691,1556891778.1561651,16384,340,48188.23529411764,1121354.4482946396,2
692,1556891778.556017,16384,341,48046.92082111436,1122974.902142398,2
693,1556891778.952918,16384,340,48188.23529411764,1124595.3328938223,2
694,1556891779.355819,16384,340,48188.23529411764,1126215.783133451,2
695,1556891779.750633,16384,341,48046.92082111436,1127836.2342336215,2
696,1556891780.1443431,16384,340,48188.23529411764,1129456.6869841889,2
697,1556891780.5417366,16384,341,48046.92082111436,1131077.1553013474,2
698,1556891780.940655,16384,340,48188.23529411764,1132697.6215316914,2
699,1556891781.339642,16384,340,48188.23529411764,1134318.1083843112,2
700,1556891781.734099,16384,341,48046.92082111436,1135938.5463735089,2
701,1556891782.132303,16384,340,48188.23529411764,1137559.0365392156,2
702,1556891782.529904,16384,341,48046.92082111436,1139179.5036178082,2
703,1556891782.932382,16384,340,48188.23529411764,1140799.9999855645,2
704,1556891783.327414,16384,340,48188.23529411764,1142420.4286686145,2
705,1556891783.7222009,16384,340,48188.23529411764,1144040.900821332,2
706,1556891784.11698,16384,340,48188.23529411764,1145661.3535657525,2
707,1556891784.516855,16384,341,48046.92082111436,1147281.850096397,2
708,1556891784.915485,16384,340,48188.23529411764,1148902.1222806536,2
709,1556891785.3136792,16384,340,48188.23529411764,1150522.4268643185,2
710,1556891785.711735,16384,341,48046.92082111436,1152142.7382247522,2
711,1556891786.112134,16384,341,48046.92082111436,1153763.1118761376,2
712,1556891786.506109,16384,340,48188.23529411764,1155383.5615010932,2
713,1556891786.906891,16384,340,48188.23529411764,1157004.1138532571,2
714,1556891787.303587,16384,340,48188.23529411764,1158624.675345607,2
715,1556891787.7035992,16384,341,48046.92082111436,1160245.11254495,2
716,1556891788.1006892,16384,341,48046.92082111436,1161865.4741487466,2
717,1556891788.4946039,16384,340,48188.23529411764,1163485.7654185966,2
718,1556891788.8978374,16384,340,48188.23529411764,1165106.0827413574,2
719,1556891789.29618,16384,341,48046.92082111436,1166726.478419546,2
720,1556891789.692257,16384,340,48188.23529411764,1168346.8338366598,2
721,1556891790.0854242,16384,340,48188.23529411764,1169967.2262109816,2
722,1556891790.479586,16384,341,48046.92082111436,1171587.6379198395,2
723,1556891790.88483,16384,341,48046.92082111436,1173208.010418713,2
724,1556891791.2807946,16384,340,48188.23529411764,1174828.63406064,2
725,1556891791.6795142,16384,340,48188.23529411764,1176449.036724586,2
726,1556891792.076131,16384,340,48188.23529411764,1178069.4406240247,2
727,1556891792.471476,16384,341,48046.92082111436,1179689.889099542,2
728,1556891792.8724082,16384,340,48188.23529411764,1181310.407859832,2
729,1556891793.2836149,16384,340,48188.23529411764,1182930.9213062748,2
730,1556891793.682683,16384,340,48188.23529411764,1184551.3407600112,2
731,1556891794.064734,16384,341,48046.92082111436,1186171.7270398512,2
732,1556891794.462302,16384,340,48188.23529411764,1187792.2103273682,2
733,1556891794.860346,16384,340,48188.23529411764,1189412.7246743068,2
734,1556891795.260322,16384,340,48188.23529411764,1191033.354954701,2
735,1556891795.6560118,16384,340,48188.23529411764,1192653.7919542752,2
736,1556891796.057256,16384,341,48046.92082111436,1194274.2660186253,2
737,1556891796.4512482,16384,340,48188.23529411764,1195894.755956903,2
738,1556891796.8480818,16384,341,48046.92082111436,1197515.2602816,2
739,1556891797.2450788,16384,340,48188.23529411764,1199135.6622816995,2
740,1556891797.644364,16384,341,48046.92082111436,1200756.177184917,2
741,1556891798.039735,16384,340,48188.23529411764,1202376.6590955667,2
742,1556891798.435894,16384,340,48188.23529411764,1203997.1577191725,2
743,1556891798.838016,16384,341,48046.92082111436,1205617.5945620053,2
744,1556891799.234682,16384,340,48188.23529411764,1207238.1230372004,2
745,1556891799.6286302,16384,341,48046.92082111436,1208858.6549176835,2
746,1556891800.027458,16384,340,48188.23529411764,1210479.1101730429,2
747,1556891800.422431,16384,340,48188.23529411764,1212099.547904078,2
748,1556891800.821377,16384,341,48046.92082111436,1213720.0703216717,2
749,1556891801.217628,16384,340,48188.23529411764,1215340.5460517853,2
750,1556891801.615537,16384,341,48046.92082111436,1216960.9957873821,2
751,1556891802.012802,16384,340,48188.23529411764,1218581.469006557,2
752,1556891802.4113278,16384,340,48188.23529411764,1220201.983660832,2
753,1556891802.8099046,16384,341,48046.92082111436,1221822.4681807682,2
754,1556891803.210135,16384,340,48188.23529411764,1223442.9018826224,2
755,1556891803.60831,16384,341,48046.92082111436,1225063.4151538834,2
756,1556891804.0021708,16384,340,48188.23529411764,1226683.8931306265,2
757,1556891804.397738,16384,340,48188.23529411764,1228304.342451319,2
758,1556891804.793941,16384,341,48046.92082111436,1229924.8001069762,2
759,1556891805.195013,16384,340,48188.23529411764,1231545.3208833933,2
760,1556891805.5912962,16384,341,48046.92082111436,1233165.8207732253,2
761,1556891805.987167,16384,340,48188.23529411764,1234786.2709237263,2
762,1556891806.38567,16384,340,48188.23529411764,1236406.69208318,2
763,1556891806.785274,16384,341,48046.92082111436,1238027.2075027227,2
764,1556891807.18213,16384,340,48188.23529411764,1239647.683026921,2
765,1556891807.581843,16384,341,48046.92082111436,1241268.1300733238,2
766,1556891807.9757922,16384,341,48046.92082111436,1242888.5995952412,2
767,1556891808.3705962,16384,340,48188.23529411764,1244509.1345890425,2
768,1556891808.769841,16384,341,48046.92082111436,1246129.5713765547,2
769,1556891809.16818,16384,340,48188.23529411764,1247750.024944637,2
770,1556891809.5675788,16384,340,48188.23529411764,1249370.5170988105,2
771,1556891809.960725,16384,341,48046.92082111436,1250991.040678136,2
772,1556891810.35982,16384,340,48188.23529411764,1252611.4588748664,2
773,1556891810.757618,16384,341,48046.92082111436,1254231.93064956,2
774,1556891811.156519,16384,340,48188.23529411764,1255852.4295774288,2
775,1556891811.553507,16384,340,48188.23529411764,1257472.9236278683,2
776,1556891811.951995,16384,341,48046.92082111436,1259093.329770863,2
777,1556891812.348014,16384,340,48188.23529411764,1260713.819331117,2
778,1556891812.751657,16384,340,48188.23529411764,1262334.3259055167,2
779,1556891813.142925,16384,341,48046.92082111436,1263954.7908634879,2
780,1556891813.540168,16384,340,48188.23529411764,1265575.2017640509,2
781,1556891813.935128,16384,341,48046.92082111436,1267195.7038359717,2
782,1556891814.3321831,16384,340,48188.23529411764,1268816.2214898504,2
783,1556891814.7283578,16384,340,48188.23529411764,1270436.661350727,2
784,1556891815.125868,16384,340,48188.23529411764,1272057.108329516,2
785,1556891815.5250912,16384,340,48188.23529411764,1273677.6455545798,2
786,1556891815.921691,16384,341,48046.92082111436,1275298.1049835682,2
787,1556891816.3190439,16384,340,48188.23529411764,1276918.5192279518,2
788,1556891816.717538,16384,341,48046.92082111436,1278539.0111885034,2
789,1556891817.116116,16384,340,48188.23529411764,1280159.5318204723,2
790,1556891817.512512,16384,340,48188.23529411764,1281779.9788699485,2
791,1556891817.910044,16384,341,48046.92082111436,1283400.4137581214,2
792,1556891818.314029,16384,340,48188.23529411764,1285020.9208765067,2
793,1556891818.709772,16384,340,48188.23529411764,1286641.430582665,2
794,1556891819.101881,16384,341,48046.92082111436,1288261.8561677635,2
795,1556891819.49746,16384,340,48188.23529411764,1289882.3070097715,2
796,1556891819.895478,16384,341,48046.92082111436,1291502.8165223077,2
797,1556891820.2954738,16384,340,48188.23529411764,1293123.2835486531,2
798,1556891820.691797,16384,340,48188.23529411764,1294743.7020342797,2
799,1556891821.08883,16384,341,48046.92082111436,1296364.179599192,2
800,1556891821.484124,16384,340,48188.23529411764,1297984.6770149656,2
801,1556891821.8827534,16384,341,48046.92082111436,1299605.133889988,2
802,1556891822.2846901,16384,340,48188.23529411764,1301225.5552983843,2
803,1556891822.68179,16384,340,48188.23529411764,1302846.056814026,2
804,1556891823.0833151,16384,341,48046.92082111436,1304466.5668336675,2
805,1556891823.4757268,16384,340,48188.23529411764,1306086.991920881,2
806,1556891823.872813,16384,340,48188.23529411764,1307707.4414597824,2
807,1556891824.271486,16384,341,48046.92082111436,1309327.971954178,2
808,1556891824.665704,16384,340,48188.23529411764,1310948.4385840595,2
809,1556891825.0618632,16384,341,48046.92082111436,1312568.8314009458,2
810,1556891825.459196,16384,340,48188.23529411764,1314189.3043435179,2
811,1556891825.859083,16384,341,48046.92082111436,1315809.8121626303,2
812,1556891826.254748,16384,340,48188.23529411764,1317430.2390508354,2
813,1556891826.6519961,16384,340,48188.23529411764,1319050.6701403297,2
814,1556891827.052312,16384,341,48046.92082111436,1320671.1803658865,2
815,1556891827.4501288,16384,340,48188.23529411764,1322291.655115597,2
816,1556891827.8458881,16384,340,48188.23529411764,1323912.0499609038,2
817,1556891828.2445598,16384,341,48046.92082111436,1325532.4970472604,2
818,1556891828.645414,16384,340,48188.23529411764,1327152.9908088036,2
819,1556891829.043403,16384,341,48046.92082111436,1328773.4229370952,2
820,1556891829.442226,16384,340,48188.23529411764,1330393.8366467133,2
821,1556891829.836971,16384,340,48188.23529411764,1332014.3463590182,2
822,1556891830.23548,16384,341,48046.92082111436,1333634.82880136,2
823,1556891830.634218,16384,340,48188.23529411764,1335255.217518378,2
824,1556891831.03346,16384,341,48046.92082111436,1336875.673167128,2
825,1556891831.427624,16384,340,48188.23529411764,1338496.1716800928,2
826,1556891831.827776,16384,340,48188.23529411764,1340116.6240956634,2
827,1556891832.2220569,16384,341,48046.92082111436,1341737.0531690307,2
828,1556891832.623116,16384,340,48188.23529411764,1343357.5614952482,2
829,1556891833.01843,16384,341,48046.92082111436,1344977.989502158,2
830,1556891833.417067,16384,340,48188.23529411764,1346598.385217227,2
831,1556891833.8093274,16384,340,48188.23529411764,1348218.867146317,2
832,1556891834.211426,16384,341,48046.92082111436,1349839.375527855,2
833,1556891834.607508,16384,340,48188.23529411764,1351459.779842198,2
834,1556891834.997667,16384,340,48188.23529411764,1353080.2338497713,2
835,1556891835.395023,16384,341,48046.92082111436,1354700.7372801192,2
836,1556891835.7922251,16384,340,48188.23529411764,1356321.2023733184,2
837,1556891836.1938632,16384,341,48046.92082111436,1357941.5818763897,2
838,1556891836.594497,16384,340,48188.23529411764,1359562.05036873,2
839,1556891836.989142,16384,340,48188.23529411764,1361182.5373627245,2
840,1556891837.3846529,16384,341,48046.92082111436,1362802.9350478202,2
841,1556891837.779465,16384,340,48188.23529411764,1364423.365279846,2
842,1556891838.177401,16384,340,48188.23529411764,1366043.8561093993,2
843,1556891838.576139,16384,341,48046.92082111436,1367664.2665643245,2
844,1556891838.973334,16384,340,48188.23529411764,1369284.6695048735,2
845,1556891839.3714108,16384,341,48046.92082111436,1370905.1825917326,2
846,1556891839.771528,16384,340,48188.23529411764,1372525.692974031,2
847,1556891840.164028,16384,340,48188.23529411764,1374146.0653561167,2
848,1556891840.5616212,16384,341,48046.92082111436,1375766.485753376,2
849,1556891840.958004,16384,340,48188.23529411764,1377386.9662441313,2
850,1556891841.356141,16384,340,48188.23529411764,1379007.337968517,2
851,1556891841.756602,16384,341,48046.92082111436,1380627.7401468717,2
852,1556891842.1554284,16384,340,48188.23529411764,1382248.265773058,2
853,1556891842.5515046,16384,341,48046.92082111436,1383868.7047795393,2
854,1556891842.968756,16384,340,48188.23529411764,1385489.075551182,2
855,1556891843.353863,16384,340,48188.23529411764,1387109.5780011266,2
856,1556891843.740438,16384,341,48046.92082111436,1388730.0024122,2
857,1556891844.1385381,16384,341,48046.92082111436,1390350.4257445224,2
858,1556891844.542115,16384,340,48188.23529411764,1391970.8675907925,2
859,1556891844.9325206,16384,340,48188.23529411764,1393591.3264204748,2
860,1556891845.3345866,16384,341,48046.92082111436,1395211.7409107275,2
861,1556891845.7371352,16384,340,48188.23529411764,1396832.1765088476,2
862,1556891846.14185,16384,340,48188.23529411764,1398452.5805896148,2
863,1556891846.5793118,16384,340,48188.23529411764,1400072.991019953,2
864,1556891846.9810188,16384,340,48188.23529411764,1401693.4344151989,2
865,1556891847.414794,16384,341,48046.92082111436,1403313.8906478882,2
866,1556891847.851849,16384,340,48188.23529411764,1404934.3322605826,2
867,1556891848.29086,16384,340,48188.23529411764,1406554.727287218,2
868,1556891848.734999,16384,340,48188.23529411764,1408175.1745856367,2
869,1556891849.17298,16384,341,48046.92082111436,1409795.7164975815,2
870,1556891849.6216476,16384,341,48046.92082111436,1411416.029265616,2
871,1556891850.069324,16384,340,48188.23529411764,1413036.4900745451,2
872,1556891850.5242732,16384,341,48046.92082111436,1414656.8827469833,2
873,1556891850.9838214,16384,340,48188.23529411764,1416277.3990239948,2
874,1556891851.41754,16384,340,48188.23529411764,1417897.804715205,2
875,1556891851.838659,16384,340,48188.23529411764,1419518.136661034,2
876,1556891852.219942,16384,340,48188.23529411764,1421138.5888122953,2
877,1556891852.603607,16384,341,48046.92082111436,1422759.0513576753,2
878,1556891852.98543,16384,340,48188.23529411764,1424379.6197312884,2
879,1556891853.384775,16384,341,48046.92082111436,1425999.6030623093,2
880,1556891853.7979472,16384,340,48188.23529411764,1427619.662336167,2
